EOGh_mean,EOGh_mav,EOGh_rms,EOGh_std,EOGh_max,EOGh_min,EOGh_ptp,EOGh_wl,EOGv_mean,EOGv_mav,EOGv_rms,EOGv_std,EOGv_max,EOGv_min,EOGv_ptp,EOGv_wl,label,subject_id,start_idx,end_idx
157.13728503853747,164.44505852134165,194.3945103261356,114.44255893528192,260.78463587441865,-49.24570222061812,310.0303380950368,640.6434917999321,0.0207879512486343,7.9385849967713265,10.35548355935934,10.355462694116785,34.805872765401666,-17.638197768540245,52.44407053394191,408.7294046787126,1,S7,0,255
-41.251861389336725,41.62722858143298,46.611978941045294,21.70162465612655,5.938408957448486,-73.71532881674258,79.65373777419107,481.7623509862024,77.18822783391963,82.73225519771412,174.81318491135738,156.84905834180623,660.6941920436558,-38.41460637461019,699.108798418266,1618.0251830942984,3,S7,508,763
-49.8972530846032,49.8972530846032,51.91084055936821,14.317803679028572,-8.89431512510835,-73.71532881674258,64.82101369163423,414.1838169213886,5.987565433462047,25.07893538225952,28.851752700932188,28.223619436488978,54.86813519232596,-50.77851252442891,105.64664771675488,400.400347228433,3,S7,636,891
-47.32178948891199,47.32178948891199,48.79492962029116,11.899302341577265,-8.89431512510835,-72.28298644782474,63.38867132271639,411.4822966486235,-35.57053769619604,40.14572909320012,45.75579786091566,28.780720732679207,21.677811912483648,-88.17767677933821,109.85548869182186,414.95689980794594,3,S7,764,1019
104.25727325719546,113.6929135849997,119.04653894643026,57.46737690288654,153.37081612067004,-45.65335846680246,199.0241745874725,552.1353448243781,-52.33933791017248,52.33933791017248,53.09422204018357,8.92132956330488,-35.07462839498417,-76.29980720909745,41.225178814113285,373.82425584308817,1,S7,1040,1295
-3.8604069885407934,18.767344927818367,22.12399300032348,21.78458914373158,48.771756124093415,-33.398410306194904,82.17016643028832,446.2984465775992,74.2333228701697,83.97038254237533,171.69065699103038,154.81309852097397,606.0511506482188,-28.496971786566608,634.5481224347855,1466.315949805335,3,S7,1548,1803
1.1201555343464251,17.093988024553227,20.142480829735963,20.11130989157976,43.21745225564506,-33.398410306194904,76.61586256183996,477.4403162404029,28.70144501983633,28.90342313010092,31.779119134065454,13.643293836549775,57.65464559248696,-5.563200118429009,63.21784571091597,404.7273588344186,3,S7,1676,1931
10.942319111654555,17.002011945137895,19.77044117773597,16.466207724337675,43.21745225564506,-28.243000263610583,71.46045251925564,472.7128897448149,40.24224182499978,40.24224182499978,41.65417182450392,10.753232224942195,64.90252678899952,16.11155010204067,48.79097668695886,408.766336795113,3,S7,1804,2059
-104.85583634700342,104.87960121866178,114.1308844293842,45.06786398980864,1.369911237898076,-167.9821294622335,169.35204070013157,540.1877230063637,-4.713961741735711,14.55305503947482,17.14634063543621,16.48561681842275,33.11447019007146,-34.192926033103014,67.30739622317446,428.7969420430974,1,S7,2078,2333
42.54776676970057,42.54776676970057,44.40075179907304,12.693080919699968,72.3479300176414,11.111346252189058,61.236583765452345,459.0939140050151,48.83062263595116,88.95695165594555,180.2932692772312,173.5546981203837,652.5345889756924,-54.88602945443037,707.4206184301228,1700.5099012509388,3,S7,2586,2841
29.254786629076243,31.10014250438217,35.33721837298222,19.821111513410496,62.50508092096533,-19.032394275664316,81.53747519662964,410.5937480523172,-26.90262805524265,27.68195919434992,29.19213523648006,11.332667972997855,20.79786721330787,-45.36741232807582,66.1652795413837,527.2486648286798,3,S7,2714,2969
-3.728796734173539,21.59205653273562,25.247749642820175,24.9708817814218,44.36661961253747,-41.73022804023906,86.09684765277653,346.6053576690015,-37.18823651295469,37.18823651295469,38.85980425269383,11.274726232340422,-9.027840777812637,-62.1058103094427,53.07796953163007,443.2413746603166,3,S7,2842,3097
15.125078804410707,35.83690754680249,45.26557204515625,42.66384890906583,95.3407061732508,-62.75254980099413,158.09325597424493,566.1108511897847,-107.19376276979406,107.19376276979406,112.03749345584936,32.58676361841726,-47.62072994757422,-156.42722603142266,108.80649608384844,404.1250874134551,1,S7,3116,3371
0.5683074350258392,18.60103283004461,26.55089060217463,26.54480774893537,87.24469175733425,-30.130962638667626,117.37565439600188,458.9243927055928,-25.719835901056307,35.14097917516481,46.78370417413078,39.07947053729512,24.8985908988075,-110.15769756691166,135.05628846571918,580.6943251754283,2,S7,3380,3635
-13.375366818545835,25.559443013221006,33.10952890192553,30.28762893619745,43.72929095981152,-76.97797625178868,120.7072672116002,579.5762114938016,123.41012807850976,123.41012807850976,213.80109319854196,174.58765059573207,704.6279933970378,0.3340585835538674,704.2939348134839,1615.0090216346025,3,S7,3644,3899
-4.059049271961946,19.957751318170907,23.40308032028567,23.04839012784901,43.72929095981152,-52.276468831163534,96.00575979097503,509.54076493984144,21.57523867398168,23.88634158420493,32.209164974055255,23.91525422166014,78.35181518157748,-19.9004647705484,98.25227995212587,408.5854066194822,3,S7,3772,4027
-0.7599997419275848,22.55196991713419,27.11527889481184,27.10462598774789,62.55061522986271,-52.522351352727256,115.07296658258996,521.9823183651018,24.660677467681047,29.277940120061487,34.380544304948295,23.95564262422365,99.14559897164224,-30.400792382937684,129.54639135457992,562.4464021196328,1,S7,4154,4409
56.02890798024946,56.28190923239015,64.7525150021418,32.45997026559541,119.50700368839097,-7.656087516969532,127.1630912053605,451.19157832541896,-28.43970717991417,42.259523778619865,43.4281530420508,32.820535220567685,46.32272697097006,-63.421717636675,109.74444460764504,467.59737011410016,2,S7,4418,4673
79.07472492823752,79.07472492823752,80.31335027950001,14.050697870256675,125.86845915499364,48.55357294835596,77.31488620663768,530.2586523314744,61.01982435663396,106.64384033869868,203.38137942439843,194.0117690555309,671.7178329279797,-64.61328609033362,736.3311190183133,1664.4106091624822,3,S7,4682,4937
58.02484254989766,58.92562320343882,63.289652964659375,25.27247157376189,102.34262763886169,-24.35116024652114,126.69378788538282,439.8063707794481,-27.046532438805954,27.09758816870346,28.70628870130174,9.619568287563704,4.291809362765005,-45.43475217871933,49.72656154148434,392.8892640966644,3,S7,4810,5065
-219.16374429365987,225.86803747378204,263.46198568735304,146.2172051760883,27.858825900748496,-354.66611054383606,382.52493644458457,747.7178806935558,-102.70619480065928,102.70619480065928,106.36630036473548,27.662743950124614,-54.33442921956654,-141.97199274328247,87.63756352371593,349.2262181122039,1,S7,5193,5448
-43.90912893025018,91.79558267221572,140.9908893500406,133.97917478586757,75.71193640649878,-337.80111276824096,413.51304917473976,692.6159367809912,-60.63421499624822,75.61797848298684,84.55294737200002,58.929558636400415,42.87650812735156,-151.13621907280032,194.0127272001519,568.0792046521332,2,S7,5457,5712
68.99355740194176,68.99355740194176,71.23641211911361,17.73458340726285,104.985947530316,33.030482220338605,71.9554653099774,457.1437488148816,158.09177301344417,158.09177301344417,235.0219890856459,173.90321060647247,730.5447090552799,30.513779723856214,700.0309293314236,1535.611688885146,3,S7,5721,5976
50.183593050752975,53.77889431528142,59.75489602348328,32.438473874301096,104.985947530316,-25.15142944628978,130.13737697660576,465.2816186931429,61.77367561597568,61.77367561597568,68.43523194846097,29.45155297657265,117.21476720539512,12.461813815288709,104.7529533901064,353.0734185106715,3,S7,5849,6104
165.4541219884023,170.68500726828745,192.207960420222,97.82041487311592,256.90828986516584,-39.87823542134831,296.7865252865141,675.1732747238079,-83.11442227860977,86.02187373599403,96.69137495770887,49.40865106947557,23.42455138128908,-133.75557452894498,157.18012591023404,452.2349179656836,1,S7,6231,6486
-5.849693543812606,75.1553827365623,89.52455589119394,89.33323677645954,179.52909057611197,-96.69427628498713,276.22336686109907,714.8640862023219,-27.66237798727764,29.85816943841964,45.92587445907903,36.66031626868574,23.77339498930805,-103.23356422573562,127.00695921504366,422.6196978317323,2,S7,6495,6750
-72.13767485857034,72.13767485857034,75.57150039403369,22.52126856561643,-9.503345474163035,-109.18760145751284,99.6842559833498,422.2433796130832,104.51925664439598,104.73610566402004,203.87351629785584,175.04323933861306,670.6421271585084,-6.194075834551081,676.8362029930595,1576.3132047719116,3,S7,6759,7014
-86.90452070041707,86.90452070041707,88.5304808410564,16.88935522095011,-38.33186094727048,-114.31696976494688,75.9851088176764,444.7359750962263,27.408034656467,27.57188897947788,29.620619545556963,11.233020009442471,48.01704363169642,-6.194075834551081,54.211119466247496,401.1256756514663,3,S7,6887,7142
-105.6136146209862,105.6136146209862,107.89618287501384,22.07602060354711,-64.54747318581904,-158.02373341022684,93.4762602244078,473.1815384569263,30.49441362213678,30.49441362213678,32.483026816295954,11.190968188241843,58.77844665819399,8.363661859002908,50.41478479919108,344.309463774184,3,S7,7015,7270
79.10912849593367,79.10912849593367,85.14578339481271,31.48889039852339,156.1814470568794,36.44439482601225,119.73705223086714,557.4852288775128,-63.72890266051128,63.94630059937918,75.46888959096813,40.42499550749283,10.1739942374919,-146.68703132636918,156.8610255638611,560.4068594355019,2,S7,7532,7787
28.01701785623432,32.53747379206436,39.00004995523562,27.130252615011187,100.10924846516252,-41.42471662134622,141.53396508650874,524.7841762762114,68.26236421489453,102.07361216543822,209.14524822752267,197.6916399040313,693.5481610916155,-67.36111653641196,760.9092776280274,1780.7844254635502,3,S7,7796,8051
19.09130076603235,19.38147037138353,23.258828050070157,13.285154019567209,50.2311362655629,-3.7410693509505513,53.972205616513456,374.1111135654696,-10.729502644180169,12.73594246031595,15.372204064531486,11.008289186341766,16.65093963224027,-41.554945215236,58.20588484747627,490.8081341423441,3,S7,7924,8179
23.102694337407144,23.392863942758325,28.78915922809257,17.177927797403363,60.703997723170936,-3.7410693509505513,64.44506707412148,334.8333921582962,-24.46632437755833,25.77709842807015,31.134427431267977,19.254909579766583,10.444405281962336,-59.38316893562028,69.82757421758261,471.7615177073535,3,S7,8052,8307
-152.84276200439265,154.16585096943237,169.92262755566583,74.2481613125209,18.76572381213692,-245.74568002209745,264.5114038342344,671.2319633693861,35.93145961765183,58.28702841674357,60.70644937176159,48.93059579722393,128.16243422026247,-74.19520728568428,202.35764150594676,595.4499603473045,1,S7,8328,8583
-5.232671228040939,72.0958931144651,99.4351161172008,99.29733868065368,98.13447925993457,-224.61169888691268,322.7461781468472,632.9783776862618,-28.91253704101983,53.892743638845005,55.95926170674836,47.91142006469866,84.21870190119517,-78.66782062785191,162.88652252904708,456.1395218728326,2,S7,8592,8847
-11.97540716918514,15.111923250987026,18.3658186882975,13.924543770754104,22.451490557080675,-40.73110671311911,63.182597270199786,459.3051704456726,26.922754401186047,108.91986257060448,182.23924999177888,180.2395892500299,618.9575906007217,-86.19898530877687,705.1565759094985,1633.7190166847074,3,S7,8856,9111
-18.917561684082816,22.650140686354234,29.81369482512164,23.04305229465937,22.451490557080675,-67.00311475011966,89.45460530720034,475.7370171129303,-44.73768443915074,44.73768443915074,46.49855045631379,12.674966886005228,-21.98340120864981,-74.79089741463994,52.80749620599013,379.0907658054168,3,S7,8984,9239
231.85923746028084,237.6310750036804,275.3113881018751,148.4508485085833,349.34398668414724,-49.34567812047111,398.6896648046184,730.1454193703065,9.370232718283424,34.53485423839312,36.78398965312793,35.57050229623745,62.77285537971753,-61.49323533821094,124.26609071792846,557.6321639738992,1,S7,9365,9620
12.153596658782815,108.99650293688826,151.5318671172945,151.04369182560723,353.5246134414457,-99.45050254105278,452.9751159824985,721.6915352264705,-30.681560683957443,40.1996747200841,42.86706903289851,29.93705799620136,39.60348064550452,-73.48617420009823,113.08965484560277,488.1389021247183,2,S7,9629,9884
-49.46853362470726,49.46853362470726,53.65340298253302,20.77382566181033,-12.895036198727825,-88.81963805672915,75.92460185800132,392.0399762562389,91.97163750850412,95.39761805852172,198.55773545224068,175.97270300227336,673.8462781184563,-20.539778990302214,694.3860571087586,1616.9883819781958,3,S7,9894,10149
-27.85057078378574,29.966031720711527,34.569616844148605,20.479358285077748,26.969255292517943,-67.41516391335716,94.3844192058751,599.7043315505277,2.5125035969330423,11.56869036380222,14.032861785292868,13.806105010484725,35.976761970032186,-31.356168034143764,67.33293000417595,473.7798192173789,3,S7,10022,10277
-177.38418689412825,193.3139498209595,215.83208989882493,122.95666419516844,55.92897817952211,-290.513788454493,346.4427666340152,720.1120847061362,-32.11819727396007,32.11819727396007,33.42078468074159,9.239602402023356,-11.111608091052274,-54.31623580715854,43.204627716106266,344.94509318517646,1,S7,10403,10658
-35.848307396901575,53.10859696530113,97.60152693922244,90.77971644395576,30.521276840358997,-239.01305088508792,269.53432772544693,612.815643716275,-43.30356832881243,43.30356832881243,44.49700245616781,10.236415269813786,-26.6737679867392,-72.08205105442349,45.408283067684295,359.8802476136119,2,S7,10667,10922
57.490825174494006,57.490825174494006,63.07885968149898,25.95664769329823,120.1292850634568,6.364341534621859,113.76494352883492,458.0385579919314,83.65974948214321,111.15467963745688,221.3701996859615,204.95319374332155,747.5662050428018,-53.40411038646629,800.9703154292681,1791.6312315787643,3,S7,10931,11186
97.10457948643332,97.10457948643332,101.49933719812022,29.543461111059152,141.63372795423157,37.193229469073394,104.44049848515814,480.3432963075783,-33.110884105052314,38.46377052496115,44.416109904270016,29.60507005244181,45.56965425269779,-72.7881666834848,118.3578209361826,421.609940826434,3,S7,11059,11314
3.369340651775879,79.77717933933536,93.9759480254291,93.915527740893,175.5356138421636,-88.87855181764196,264.4141656598056,614.8101832907175,-49.57158654507437,49.57158654507437,51.50049300037349,13.962757130514062,-10.571119223758496,-70.19287560930796,59.62175638554947,375.6599765408744,1,S7,11441,11696
27.15421998221344,58.73801694991893,62.37877233108807,56.15834376734483,86.17186680711252,-101.75471239114448,187.926579198257,535.0291567915606,-16.442165361303694,19.353725630954305,25.61451935540992,19.640743367811066,22.99894090035768,-65.85631596948448,88.85525686984217,440.6743752275037,2,S7,11705,11960
16.42645756058945,31.389965681962355,37.51248633610928,33.72474051978664,76.06596001133757,-70.83198265361753,146.8979426649551,614.2395506062142,68.77437892908043,86.39448413222871,188.9305395854432,175.96827438764626,644.9662158123313,-32.82649350147509,677.7927093138063,1551.746834952849,3,S7,11969,12224
-32.93838479664748,45.702656016664825,51.094151138436,39.05989103345428,48.47470723350566,-77.96543911997917,126.44014635348483,552.6962509943054,-6.98582660671139,14.47666540720647,17.41496602338204,15.952406345643094,41.664545016011374,-32.82649350147509,74.49103851748646,409.7950519304742,3,S7,12097,12352
-58.84868966652479,58.84868966652479,59.814241253252135,10.70397969146556,-36.42268189932541,-80.7843571951115,44.361675295786085,429.0154714284848,5.618067072575742,17.27496937597055,22.165891709066933,21.44210991544728,56.98202090598271,-27.61605152898798,84.59807243497069,457.053903264464,3,S7,12225,12480
2.1013454288487647,31.61282818670511,37.68638677928356,37.627756986916125,53.74332717711648,-84.74559913831081,138.4889263154273,428.1258888100666,-41.51125151171006,73.25045714224062,75.79260705981193,63.41399910788313,101.59332993987265,-112.43469426334072,214.02802420321336,525.4098910971369,2,S7,12743,12998
21.149385148311868,23.139206197820684,27.796166265644924,18.03691677964231,60.95059660578902,-17.343695160239506,78.29429176602852,731.3138825941005,10.174800853437958,136.75892796964726,201.5452505706133,201.2882546378804,658.6228919105515,-115.95819462434372,774.5810865348952,1705.2520565217128,3,S7,13007,13262
40.93868215648258,40.97187489742144,50.44884754975258,29.480680493989144,111.1241869317,-2.248706274890633,113.37289320659065,614.6936803382599,-83.16741418988668,83.16741418988668,84.19394720774035,13.10732479904286,-28.624154936765493,-104.47161514952664,75.84746021276115,396.4153131444084,3,S7,13135,13390
69.97907546617122,69.97907546617122,75.7656667542412,29.040751636530377,111.1241869317,5.082678027542773,106.04150890415724,514.93589989542,-93.47732207535763,93.47732207535763,94.08197654395909,10.649345897186386,-72.1997892777214,-114.305044442052,42.1052551643306,374.29963961390274,3,S7,13263,13518
45.062346439879455,90.9694552783226,93.40986611685648,81.82168429763188,125.33789966619312,-127.1612497899618,252.49914945615487,698.8778923886472,-10.129572724754514,51.87921445165428,59.255202143418686,58.38296615855792,108.3550025045643,-75.6000131995207,183.95501570408496,589.3129180888193,2,S7,13781,14036
72.06859143491636,72.06859143491636,72.90064934761907,10.982841339635767,97.58193589791487,47.62980018606957,49.9521357118453,428.99663408497565,74.89323869714967,84.19122194292383,185.4834235952205,169.69119961287262,643.8337027322216,-21.47684519020597,665.3105479224275,1541.6881458257296,3,S7,14045,14300
60.33699850550627,60.33699850550627,63.69161283225479,20.39774881011081,88.56186391637628,16.657395151115363,71.90446876526092,451.96822823875766,-5.099607541999903,13.472608169484047,15.488884962159108,14.625305476761032,22.4731233154305,-30.43144224670079,52.90456556213129,403.1649037319133,3,S7,14173,14428
41.8451681524726,41.8451681524726,44.94557548142674,16.403861059150728,77.31652819137416,2.66406455302699,74.65246363834717,492.5974211648844,-11.560039890814044,15.074414121270804,16.899182826492535,12.326713184219392,16.435268260896713,-30.43144224670079,46.8667105075975,423.35183550703175,3,S7,14301,14556
-164.54360213016008,169.03852196569085,191.160465162268,97.3022427238255,21.41253551655809,-255.7729937387214,277.1855292552795,782.0208440947588,-31.15111882931709,31.172773190995542,34.28254663061492,14.314356400552992,1.522850134408872,-57.943344971411136,59.466195105820006,376.1645964020679,1,S7,14575,14830
23.32231549792941,24.829219989869657,28.656686950574016,16.651585714226773,53.06134493068127,-19.093930059384384,72.15527499006565,439.27321938784337,60.47960774511911,121.04238043050276,218.3570016378088,209.81419687726225,699.6579664435604,-78.92724238516735,778.5852088287278,1722.58999592886,3,S7,15083,15338
9.033463332603622,11.31475447056905,14.089226209241142,10.812161457991335,33.68966804425591,-19.093930059384384,52.78359810364029,386.4220888277598,-40.71333729888396,41.07217237102634,44.80510365642228,18.70618827153328,17.829318640473645,-78.92724238516735,96.756561025641,449.5951919735886,3,S7,15211,15466
-0.941328347124072,10.159005574501128,12.748826273078768,12.714026596009784,23.39501859543813,-30.002710921914485,53.397729517352616,361.1272104611406,-18.220209789868505,25.43400432934436,31.04446569375087,25.135290040571533,26.116492985109257,-64.38097179699672,90.49746478210598,426.3920981520888,3,S7,15339,15594
96.7606491651131,102.51193040890708,115.28941135785836,62.68193634842005,156.58959921108195,-25.11229075431937,181.7018899654013,562.3408945796155,-39.66338750318064,60.2580023487504,62.386789755161296,48.155240916511175,63.414840465299086,-84.03277617396633,147.44761663926542,506.2435653308324,1,S7,15613,15868
6.025744837682836,45.12463468274392,61.11232291802931,60.81452467617114,153.8226037541114,-57.810764754355134,211.63336850846656,526.6893346351302,-3.074247432231207,29.43685324257911,41.67440844147192,41.56086286005196,76.3589973095793,-88.94777593955473,165.30677324913404,502.2802888246604,2,S7,15877,16132
-27.38240074020179,29.923987537667045,36.14612474467763,23.59547549342443,18.922060432787102,-69.7278360180925,88.64989645087961,440.21989021851937,99.18837236458803,100.38743599567124,212.8254615155813,188.29854980053355,726.0271438498517,-10.610711131838592,736.6378549816902,1737.200293193206,3,S7,16141,16396
11.93736665056567,27.11384568886368,34.06643601027309,31.906446682324148,75.23002663031832,-48.55212550695221,123.78215213727051,530.8478520200499,16.84754371168357,17.70725311473258,20.33627993288524,11.389668669087005,50.115848440149584,-11.032453108562285,61.14830154871187,501.33882061948486,3,S7,16269,16524
-72.15713863203838,113.99970775252989,119.60725019790182,95.38994519518435,103.21212314627849,-179.45739074223232,282.6695138885108,752.154195288294,-65.61145624931339,65.61276890286746,74.24378568816681,34.74588496721412,0.1680196549195557,-102.59623132549832,102.76425098041788,383.48120993428734,1,S7,16651,16906
-13.867539857003544,60.75623166412096,81.38503367464509,80.1948567212233,59.62034684648437,-175.91923008649144,235.53957693297585,620.5334725808667,-54.66366415082695,54.77825173257048,62.59365785790103,30.493439058879066,5.631715325456746,-121.66043905489065,127.29215438034736,462.0536074455981,2,S7,16915,17170
10.080192113427549,12.104774523125192,15.811011397749231,12.18104299213122,50.61295054639761,-17.674969612789482,68.2879201591871,454.97973430109846,56.00378873422565,107.84901222641,208.13968441503135,200.46372209405143,702.0900576852204,-55.27185664258063,757.361914327801,1740.109288397229,3,S7,17180,17435
0.2409914068541385,11.215781422226009,13.070696422673286,13.068474590230746,29.22964974030669,-23.26241660358364,52.49206634389033,413.0400496032708,-33.79121453766203,33.79121453766203,35.594646725928705,11.186272641651712,-6.683772885891978,-55.27185664258063,48.588083756688654,447.541402521081,3,S7,17308,17563
5.555020288101156,14.114924764856218,18.344434252026968,17.48313523444021,50.86728460704752,-28.838964467457306,79.70624907450483,463.4016098006253,36.09438831013325,60.222684475627545,64.92886170986709,53.97177239498775,130.32363839777253,-58.537064810069786,188.8607032078423,512.5529884045513,1,S7,17689,17944
45.53619150903753,45.53619150903753,51.72065434870915,24.525116699231127,115.87769954583176,8.280873701394986,107.5968258444368,569.5653073958985,-44.462159267078725,67.35597066993874,70.27884377604447,54.42639319123204,80.98613945298185,-99.49915510916024,180.4852945621421,486.6912417224362,2,S7,17953,18208
15.165981440043597,18.41466559918653,22.735705505955487,16.938279482101716,45.59091421647532,-26.1253717113062,71.71628592778151,497.4456904809613,74.58126388533128,90.62171059725212,205.21612360917288,191.18392313801365,709.4964147162713,-38.06415104358987,747.5605657598611,1754.977854392337,3,S7,18217,18472
11.07534776805981,18.893861544085013,23.201760785723227,20.38770157164502,45.59091421647532,-45.26494674453959,90.85586096101493,537.6547451766103,0.8030030823768635,6.339046169088864,8.349561035917334,8.310857689926005,24.21371185615732,-18.882650206283525,43.096362062440846,415.1265592716775,3,S7,18345,18600
-86.87852108773846,98.17108499494243,109.87293664205912,67.26206047956995,41.34336419237335,-157.21755661129214,198.56092080366548,535.517629695137,-38.54212671879425,50.51242918885424,55.10085133569292,39.37776385106877,42.02670146995169,-80.1064313156199,122.1331327855716,345.1700336900698,1,S7,18727,18982
20.64833761939523,54.002246713234925,58.54635722859594,54.7843234720831,61.8960242024969,-116.91375625406204,178.80978045655894,485.14340877724646,-36.85051362900875,37.7195655690391,42.69456993515241,21.56075015452525,19.81809515389162,-89.32302926350509,109.14112441739672,447.8017971912831,2,S7,18991,19246
66.17689970768075,66.17689970768075,68.63474145433966,18.202903053733305,104.61209364771835,27.04478998361461,77.56730366410375,539.8461640233741,62.87018408911296,103.88128295429254,205.87584683521283,196.0413330466743,690.0228919962606,-62.77601735691921,752.7989093531797,1746.8648970853585,3,S7,19255,19510
39.65418172196804,40.62331809517198,46.74958615959009,24.760243901344616,104.61209364771835,-22.325543264923137,126.9376369126415,555.5987881179501,-16.842335374966087,17.046869415625604,18.520305191825013,7.703080131707478,7.027979016940124,-32.76184528094759,39.78982429788771,386.4669964694781,3,S7,19383,19638
10.056162902008133,15.964159287467968,19.03329107721619,16.159819210570177,37.32543328288136,-22.325543264923137,59.65097654780449,383.5950044555254,-1.0085740559676726,12.252293937174048,13.812936340767733,13.776065792806405,21.438247235338977,-25.487574767053445,46.92582200239242,349.02305634071536,3,S7,19511,19766
-22.780973066325828,33.36036738948768,37.51277854828043,29.80328539882249,44.78529464390312,-80.10687278952152,124.89216743342465,566.343199347572,-28.247329039632373,34.034344756608384,53.72444848812688,45.69906746838648,47.25919497599688,-128.1240250185545,175.38321999455138,561.488164271364,2,S7,20028,20283
-13.347799354014988,42.6522171063755,47.77507625086175,45.87258618369594,75.28180158659609,-87.93088841226701,163.21268999886308,528.1496477943805,109.36509020039767,109.36509020039767,215.94959579827423,186.20823013738385,726.0549267224029,0.6521268451327517,725.4027998772701,1650.5321968596877,3,S7,20292,20547
-52.37878241210086,52.37878241210086,54.3823928133784,14.62558720648111,-19.46204322376324,-87.93088841226701,68.46884518850376,465.2373542204196,20.05622354707905,20.27717804924689,28.367562092624254,20.061567139894244,77.79590821926999,-3.710014242734816,81.5059224620048,377.96145957469867,3,S7,20420,20675
-58.00453409873876,58.00453409873876,59.2745527912026,12.204369405475951,-20.67622209773478,-84.18985111855919,63.51362902082441,386.3800639209081,5.215042944214757,9.75546925494032,11.797151645612974,10.581876678528472,27.14067838966161,-22.321831023058227,49.46250941271983,425.36102420024935,3,S7,20548,20803
162.13953785268393,187.83756278703905,207.35093397896904,129.24852063706132,267.0619829638963,-65.36977931152514,332.4317622754214,703.0635757451086,-6.141418466428766,14.086722088826605,17.99341330620463,16.912891580924583,30.88970718694033,-37.740131233667455,68.6298384206078,409.25010356981807,1,S7,20824,21079
-67.43337910976268,67.43337910976268,69.8689954547993,18.287042070870505,-33.50092371144042,-101.39394464011882,67.8930209286784,449.1347046613704,19.327476126326225,108.28809970890956,179.37448761539775,178.3301866591093,636.3778239442203,-97.07747267812344,733.4552966223437,1610.0143367913272,3,S7,21331,21586
-48.06959623152339,48.55086652567807,55.23018792453532,27.197197949748404,16.706708593584377,-101.39394464011882,118.1006532337032,433.5524717459733,-57.91237717705969,72.81873126505428,78.45449950216126,52.92697858216163,224.61359423643088,-112.13810068937602,336.7516949258069,643.9617185558543,3,S7,21459,21714
-3.9347442854933696,24.716863382901067,28.928885496459262,28.66004541997497,51.65738299210137,-53.08901731145277,104.74640030355414,448.62161018121753,-78.57646468241356,78.57646468241356,79.90057063371006,14.485868479518418,-49.34602468638055,-112.13810068937602,62.792076002995465,453.9009341225521,3,S7,21587,21842
-134.5204851417342,140.2409965641076,158.00759888809404,82.8893261138808,40.11344227627502,-227.3217402879636,267.43518256423863,590.9731835133255,72.29924750883077,99.73158476165024,103.46582208146351,74.01347950643785,150.17698420257025,-70.41426566365783,220.59124986622808,592.5851117717641,1,S7,21861,22116
89.85808215952278,89.85808215952278,94.55177785056436,29.420465076455265,142.9735518986017,33.59851256263532,109.37503933596638,449.9921790970975,11.28175395373894,102.44781549272176,169.1774790504153,168.80089290516503,613.9811129795773,-80.13592104561407,694.1170340251914,1644.8726989699608,3,S7,22369,22624
86.83081606721737,86.83081606721737,90.42631572669022,25.24535515702109,131.85423912172453,33.59851256263532,98.2557265590892,444.7524673609129,-62.758364335622645,62.758364335622645,63.66239125580989,10.690545651418716,-42.1217882348158,-86.22698640690548,44.10519817208968,373.5133721823408,3,S7,22497,22752
101.03612905999874,101.03612905999874,102.08899757564328,14.624091444290745,131.85423912172453,70.81680250433293,61.037436617391606,464.38814569316327,-61.42413568741235,61.42413568741235,62.71461722629677,12.656965232443213,-37.55406438893503,-86.22698640690548,48.67292201797045,347.4584601993541,3,S7,22625,22880
-133.66921145364012,185.22435177809984,196.95688833454548,144.6532328425074,115.25909515468108,-285.5874674115008,400.8465625661819,812.1157977938088,58.92526432919958,83.06225923780187,88.90660712584716,66.57475508301698,126.861783955194,-71.77315091118021,198.63493486637424,501.1797065502616,1,S7,22899,23154
-61.51287910463699,145.5261185680455,170.06323486108673,158.54863466985594,100.86175623065373,-305.917540633735,406.7792968643887,860.0379799739051,35.59616282119124,67.57708880629175,82.01834734579973,73.89128834810971,136.23797710119987,-46.92458837410364,183.1625654753035,521.3703066699983,2,S7,23163,23418
0.9085259628896978,18.59038972565349,24.16122078400435,24.14413324905574,73.43379244592317,-41.49839153730535,114.93218398322853,395.5851104505319,28.131710796483542,83.77405714016115,160.190961282937,157.7014613895966,594.6552461889722,-65.91686388514839,660.5721100741206,1594.1018884564414,3,S7,23427,23682
-39.257476306562864,39.72942180953704,47.45249668495974,26.65689396152091,6.487198028534759,-90.19751390142852,96.68471192996329,410.2070182063064,-31.90538434195929,31.90538434195929,33.283270671150284,9.47747627593503,-13.405720886953633,-53.43704347613695,40.03132258918332,412.2327914543654,3,S7,23555,23810
160.23790736766006,185.6464497010598,203.87529411837505,126.05137283777248,270.33302661013147,-74.29695462921022,344.6299812393417,614.0950601085993,-66.14354296880371,66.36822988929492,74.58478719920532,34.4662473310449,6.812885845391704,-120.1527167923944,126.96560263778612,420.93382080589066,1,S7,23937,24192
30.842816973667013,100.0294264224411,138.3191169310623,134.83656310406968,299.03837780956894,-75.87822263355002,374.91660044311897,683.838662809097,-33.54341062221444,34.81340188903964,50.63740587231176,37.93397523733501,11.189894789941542,-112.89265694937453,124.08255173931607,505.85223652375294,2,S7,24202,24457
-79.77482887825009,79.77482887825009,82.80511528111268,22.196031045307944,-33.31468001711183,-132.61781385404632,99.30313383693448,545.710700084101,63.550238622609385,113.95913035344218,218.41556768570123,208.96585218278256,703.5302254122399,-65.05709845016712,768.5873238624071,1818.299080628367,3,S7,24465,24720
-62.72788731473233,62.76336880596288,72.50980531748293,36.37147261535499,1.774921746563764,-132.61781385404632,134.39273560061008,596.1208974013895,-35.26259900146012,35.26259900146012,36.50043405174832,9.425009157993015,-6.813017683043629,-50.07282718113304,43.25980949808941,379.31731711368593,3,S7,24593,24848
47.60560522988149,71.22121285773305,75.46862248901985,58.559536636545154,107.97135509238946,-66.62920037034054,174.60055546273,601.8558970441998,52.04348757671453,78.91629852424322,82.69998001297651,64.27100508782382,123.51547310820771,-58.31396569793483,181.82943880614252,570.8196634369564,1,S7,24975,25230
18.10623302725945,31.817335271012013,49.89507101982284,46.4938967783487,127.91316833495168,-26.158185401390515,154.07135373634222,570.8232397575159,4.664252113253252,40.963790360909634,51.44500850280013,51.233130414578326,109.12850816792002,-42.86203710017365,151.99054526809368,520.8800499118802,2,S7,25239,25494
-12.67274806374203,15.829036533220762,21.102699439692927,16.873807518012608,10.457793102601013,-59.42550616331433,69.88329926591534,470.5362527764791,66.28324487597244,110.46120796538855,213.1922363019621,202.62640762779057,727.2898436826107,-70.8514539355186,798.1412976181293,1764.9967733068395,3,S7,25503,25758
-8.588370247445567,12.707318008251628,17.644133913611125,15.412830955221498,20.49560909345614,-59.42550616331433,79.92111525677046,449.5099319856125,-44.18982487489386,48.11764301419092,51.77565523652966,26.981064706534337,22.42648258337169,-81.28244036449459,103.70892294786628,460.646755528173,3,S7,25631,25886
-30.08155868725587,30.173017641137783,34.3220026057304,16.5257281174823,2.992284470397932,-73.95856552921624,76.95084999961418,563.0220720413811,-50.51484142636027,50.51484142636027,51.37289715665805,9.350152829672927,-28.67533071626393,-67.19532905012615,38.51999833386222,340.68922379572894,1,S7,26014,26269
-40.57341398194748,40.57341398194748,43.9692538850067,16.943829704458363,-2.611303059396114,-81.34370681534946,78.73240375595336,550.7217468861379,-43.99002182853428,43.99002182853428,44.897062266205296,8.979096817642231,-25.171654257896225,-70.91468271940852,45.743028461512296,373.58962180691947,2,S7,26277,26532
15.430546652568538,18.46700453904249,22.92886651095059,16.95969190403816,61.37055199114491,-18.675204773106444,80.04575676425135,594.212546699358,96.73054128303616,112.3482956291134,224.209595765578,202.2699810067097,699.4528201889227,-38.23903274697739,737.6918529359001,1589.6266432727164,3,S7,26541,26796
18.79817387794406,20.79242264261832,25.148919097848243,16.706190189408765,60.22373371983234,-18.675204773106444,78.89893849293878,465.02773941998487,-4.667089079987981,21.26087052839761,25.20409335149935,24.76821756183821,82.48171858644262,-41.5777609572952,124.05947954373782,379.7191083901975,3,S7,26669,26924
34.499809218137,34.67020867959668,37.59850635474392,14.946934268266128,60.34739618625149,-6.079698108403017,66.42709429465451,382.3769335089686,-22.248301654824893,22.398655180373623,24.468726215063523,10.1848729036573,3.879081417366257,-41.5777609572952,45.456842374661456,430.896742638716,3,S7,26797,27052
-4.113032563067168,9.814752894169017,11.294860677088892,10.519355533966806,26.18583402707914,-26.966491370304663,53.152325397383805,411.0142260278776,-23.97213222745448,24.974027682592727,30.3020296543739,18.535098533430936,9.501384854534551,-59.95469529043222,69.45608014496678,399.73763213269535,2,S7,27316,27571
9.216946754368497,12.464874678410036,15.58930931170612,12.572766495214298,37.48850047292905,-17.645857360536734,55.134357833465785,359.3122866186062,99.03438527297392,102.60727735126716,206.880508527282,181.63627209924505,671.0525249562799,-17.433308875570525,688.4858338318504,1610.1700308315303,3,S7,27579,27834
9.25100034744428,12.158774691080003,14.379611318708667,11.008733544269306,31.32680270508018,-17.645857360536734,48.972660065616914,327.2937301807499,16.888337725564945,17.67094068780679,20.78049663929649,12.10838921752488,48.601766443050806,-9.902853167279844,58.50461961033065,484.77378373842254,3,S7,27707,27962
29.07547721937681,29.623292727626627,34.790545592209334,19.104938813539714,73.56161466163817,-8.717006139814693,82.27862080145286,416.0194461100326,4.454603918651461,10.249909944802656,13.510397380004868,12.754894797432769,36.00816303308168,-20.979027258957565,56.98719029203925,396.6454059702705,3,S7,27835,28090
-158.79515932057444,185.01647375240344,201.84252619961103,124.5973625683708,68.50318711891275,-268.1778967631401,336.6810838820529,729.6904934168333,-78.57973521980966,87.86293793332842,99.8955746294482,61.67942155478001,34.17226436189008,-145.6399235956673,179.8121879575574,511.4098679073723,1,S7,28110,28365
-21.342301161332884,23.56126650846933,28.951756223326573,19.562984679079467,30.070935122696955,-61.370115448290335,91.44105057098729,423.2101479605661,82.46888531346309,104.43844237112,215.66715496929763,199.27670382587604,699.0765467812145,-51.03609658348509,750.1126433646996,1673.9033274409044,3,S7,28618,28873
-9.467224922852978,17.884989211506273,21.18926965909068,18.956708600012085,20.76288211343567,-44.98159460535147,65.74447671878714,447.2731825912237,-28.709961861976844,29.00491983791805,32.978706364486456,16.2275433556301,8.600083959502385,-60.42948274244424,69.02956670194662,424.1683660098686,3,S7,28746,29001
-8.87157665746231,16.324747411604818,18.23670746620074,15.933380897303364,20.76288211343567,-42.01093895380714,62.77382106724281,450.8083790875515,-43.382072916563885,43.382072916563885,44.97296581969644,11.855943829215745,-14.269227995982872,-64.65115280013292,50.381924804150046,388.2311469181699,3,S7,28874,29129
226.13409455998317,243.38674261130015,265.919296157849,139.9158438012736,339.0829681515574,-57.51522026307671,396.5981884146341,879.9228624804233,-2.5969404136527814,17.186698570263296,19.45175166388245,19.277617676499624,38.56175003595127,-38.7597294133118,77.32147944926308,405.02022969717376,1,S7,29148,29403
-85.50960830813236,85.50960830813236,86.6964434455476,14.296160082232422,-52.00127593497399,-111.51435006283322,59.51307412785923,413.3903037233418,91.104485701164,116.6913091205226,226.12872674408476,206.96418468910832,682.3585219407747,-38.23320799708951,720.5917299378642,1678.9301782036146,3,S7,29656,29911
-91.8156670983762,91.8156670983762,92.75613787377732,13.175142828043557,-52.00127593497399,-120.46237029199112,68.46109435701713,400.06001323198825,-34.63100915808664,38.2904789187851,44.96035971326023,28.67275972483765,32.73825037176714,-82.93507299018532,115.67332336195246,448.23912678459305,3,S7,29784,30039
-102.94125640213578,102.94125640213578,103.87695881373668,13.911157491038962,-76.14637585584816,-133.78066964344626,57.6342937875981,465.8464493999084,-63.46485542171334,63.46485542171334,65.05821673614088,14.310265238202373,-14.910647939964294,-83.15643949464061,68.24579155467632,363.8168651649058,3,S7,29912,30167
-46.19963995124105,46.19963995124105,49.08869804781448,16.591972287983,-8.634516947322613,-81.97106482808113,73.33654788075852,452.8343499888405,30.186055446758186,61.508311523319854,63.29074317286192,55.62841205659575,106.075593339711,-84.20006430640514,190.27565764611612,519.8933784427559,1,S7,30186,30441
49.32837450911677,61.80176561049722,63.57192398272474,40.10113448711461,89.69754035092636,-61.95131676263916,151.64885711356553,564.8121162721054,-31.02763080334438,56.8139096241916,60.60178259265336,52.05633659928999,99.62172608783489,-81.01084529168142,180.63257137951632,451.1946113479717,2,S7,30450,30705
9.231710303523704,16.3453489519667,22.996776197124444,21.062460452958568,69.34575069142763,-28.47003848460885,97.81578917603647,399.8627296999738,94.39148336144972,127.29720735851195,246.68992736445853,227.91702027691343,757.9900814710198,-44.8937172652299,802.8837987362498,1771.5562829440955,3,S7,30714,30969
6.186415487682211,9.462544574006166,12.15226318826761,10.459721029295656,29.58846408927933,-16.311195781753543,45.89965987103288,382.1754414464272,-25.837793909467837,26.14600646944352,27.905400306971583,10.541336356657848,5.228049666394027,-41.33622467200347,46.564274338397496,374.4178295501763,3,S7,30842,31097
57.0394568673993,57.8690045004093,67.41491794855034,35.93426668629638,118.05378868021306,-15.300027495330486,133.35381617554356,680.2299605760331,-56.62904298388868,56.62904298388868,63.38015849067662,28.463941769055413,-3.059147739179356,-95.22483425522994,92.16568651605058,409.8018970915439,1,S7,31224,31479
-10.719753558964678,39.01625611485302,45.07898044930767,43.785858013565615,89.34009470921836,-67.93809935855013,157.27819406776848,483.6379514620263,-63.20360561572862,63.20360561572862,65.1423589742882,15.774383344729014,-25.12173242561388,-100.2593430847544,75.13761065914053,543.5484482531845,2,S7,31488,31743
-0.1130013795543973,10.640783354190264,13.15708548911284,13.156600216470911,26.69747003325503,-27.972291559375638,54.66976159263066,441.5845582386105,85.58368094508663,108.3068087678024,224.6321062290771,207.6897125637209,719.0449106071968,-45.79819560612666,764.8431062133235,1743.817548413948,3,S7,31752,32007
-19.289943289373586,22.630824861385022,26.796957013748315,18.600403035671725,26.69747003325503,-55.97548369573301,82.67295372898803,444.6365989299284,-29.29289282223331,29.305517608991572,33.97588132121365,17.212987586655224,0.9515840798788716,-61.38688974130433,62.3384738211832,419.63116816816125,3,S7,31880,32135
-71.33789092461203,71.74840157824704,79.31069781436928,34.65677576218479,11.449901060199291,-125.21498420010856,136.66488526030784,562.5838758839029,61.90941548177904,75.54996098542148,81.36247403626096,52.79276897460199,144.24366048084752,-48.90237298612075,193.14603346696828,571.3755990776758,1,S7,32262,32517
74.96258683099248,86.00747720289222,92.03116341553456,53.38862814516534,148.76109867575838,-59.77291977238029,208.53401844813868,704.6969107859237,-16.241954560730008,47.24146244703167,50.9642458063493,48.30686558510264,94.50464663159111,-67.52156996146748,162.0262165930586,474.8896209642305,2,S7,32526,32781
55.22036416046148,55.22036416046148,56.95344052828051,13.94294696233213,90.21791196655032,22.10366928187696,68.11424268467336,490.2990264585174,54.3224549373327,103.85562595933118,199.36525127019644,191.8217253170506,665.9610219040968,-55.69589784317386,721.6569197472706,1674.0253495709542,3,S7,32790,33045
50.23912375648491,50.23912375648491,51.37590442176279,10.74774391836257,78.31862173224049,22.10366928187696,56.214952450363526,468.3801806404591,-35.80334769755519,35.80334769755519,37.78743657966343,12.083486951623504,-5.855362387738704,-55.69589784317386,49.84053545543516,370.9042009060455,3,S7,32918,33173
48.54351182360595,48.54351182360595,51.47883352243754,17.134694647476767,96.7698936723883,10.644843078329048,86.12505059405926,512.8984528296697,-17.970756438932536,19.349004758725076,25.390563099250357,17.93690629706189,9.155285215102712,-53.71084270924766,62.866127924350366,386.4380976052325,3,S7,33046,33301
-158.89249363039485,204.91397072759588,219.4445159936569,151.35742818773466,98.03013465026532,-287.2924864073352,385.3226210576005,858.4374825645631,-91.67104644288938,91.67104644288938,105.70070431693102,52.621840875827374,-1.0844891372235927,-146.9098273985884,145.8253382613648,559.3226509560403,1,S7,33302,33557
-20.150048676173768,85.06797906091303,124.9072052344215,123.27118664887476,84.05870502751173,-290.3589355150894,374.41764054260113,740.5423908877531,-54.19600857716363,55.64922536426157,68.53069628541469,41.9434021947166,30.324629095207012,-147.0240405252624,177.34866962046942,605.8719624835437,2,S7,33570,33825
39.41922800888624,42.69878228166583,49.25143552784014,29.52673982573139,85.61118259805268,-31.768732401667023,117.3799149997197,471.562585646903,99.4623563030353,117.18459197222585,240.62826947696144,219.11002658510455,729.0669129762922,-37.832023677383525,766.8989366536757,1798.6114327887776,3,S7,33834,34089
8.135087466014143,18.54468962927745,23.545337066372525,22.09532189150897,61.13071555859892,-38.49918000866667,99.62989556726558,492.4889854689596,-6.413958628248375,12.10382667927825,14.970089206082015,13.52644467527116,31.24442284354349,-33.64623887019622,64.8906617137397,474.2558912116183,3,S7,33962,34217
70.14951818327107,70.14951818327107,71.57964254667695,14.236935265883842,97.86735455750782,43.48142273349752,54.3859318240103,404.0371963254926,59.85746454112163,60.27933255991984,67.58887665760473,31.390128807401723,108.1876801777839,-5.907585939576746,114.09526611736064,487.9518166342499,1,S7,34344,34599
40.853385672976806,41.38349548546401,50.97670062115353,30.489750495432546,112.70782089620174,-8.234949904244509,120.94277080044624,498.2038860968432,-5.40107238052958,29.08012629967208,35.515323825928284,35.10223131940233,69.42217344874912,-56.10722041390832,125.52939386265744,473.0397852418089,2,S7,34608,34863
-56.48216895514263,57.62963944227421,65.36697870543328,32.9029861137145,15.82103480872677,-119.30540299530468,135.12643780403147,517.5399746571486,30.84918418283528,121.57587883080689,196.4619680456265,194.0248250188987,627.9068469585063,-85.68367416386137,713.5905211223677,1570.668983766213,3,S7,34872,35127
-67.87172782019782,67.87172782019782,71.67452506248449,23.03619121369029,-19.09301180082812,-119.30540299530468,100.21239119447657,437.9687705541585,-64.98815481582861,64.98815481582861,65.8915616711991,10.873712940082989,-30.19896074502873,-85.68367416386137,55.48471341883264,386.817970466078,3,S7,35000,35255
-2.1430837911375047,17.899736577853538,23.91315139249204,23.816926782950134,79.57583021380158,-51.67698360832888,131.25281382213046,579.9075656159235,-59.53519685128254,59.53519685128254,60.48997407764954,10.705012834824249,-39.69291813835528,-90.50520134011188,50.812283201756586,490.5351874433179,1,S7,35382,35637
-0.0287969090128861,46.33703617202295,53.5375546817744,53.537546937098405,108.5884476008848,-58.4941142519469,167.0825618528317,451.48455852309934,-13.986790687189696,17.311578431377285,26.465602588695223,22.46770586097956,14.912453305626864,-67.82540927132959,82.73786257695646,423.6603636115685,2,S7,35646,35901
1.6924981430815107,14.143296593778246,17.73700144752593,17.65606610729589,44.317469676099854,-46.49480889388765,90.8122785699875,543.9302602388985,96.62490860873883,100.57408025831488,214.7288159080475,191.76050536443893,687.428756855933,-16.59379305123233,704.0225499071653,1642.208277222027,3,S7,35910,36165
14.993025105290052,17.721136522463112,22.1013600928186,16.238205447172327,60.063830649720806,-14.606291131342571,74.67012178106337,743.798973297129,1.2600611767281773,8.734068240538804,11.036049735991575,10.963878857693668,40.82474940215783,-16.595453052638504,57.42020245479633,449.8192726611807,3,S7,36038,36293
20.877227464479283,23.061288695022597,27.19125111135278,17.42140954105137,60.063830649720806,-14.606291131342571,74.67012178106337,750.4424632747343,-3.653834657123437,7.650071794533942,9.41024685670213,8.671922405238412,16.41775322353126,-24.73030366065589,41.14805688418716,451.11459171442056,3,S7,36166,36421
61.4973242628561,86.04852401806784,90.29414295069984,66.11438088427168,128.33962976377197,-108.68209366066174,237.0217234244337,565.0534968037407,-47.82595106815661,47.96154335026921,54.44141332833735,26.01049575869628,3.422266567460701,-115.29111211484177,118.71337868230246,492.8740061457195,2,S7,36684,36939
109.21234145181856,109.21234145181856,111.50118476009172,22.47618022519629,153.29030454652337,55.15689312906149,98.13341141746189,669.2002964187528,225.016765983413,251.7020132221878,397.1393040302577,327.24162606857254,883.8747519077997,-55.46094955194594,939.3357014597456,2289.3951377752915,3,S7,36948,37203
94.03501761954097,94.03501761954097,95.94707467800671,19.059291711908426,128.0629598321507,53.64355793420342,74.4194018979473,636.30306006403,21.390076547186958,85.80994380827,165.91524867628357,164.53064872119873,759.8553123838911,-70.23824401399662,830.0935563978878,1125.2256012171424,3,S7,37076,37331
81.86071650666989,81.86071650666989,85.49607728462445,24.665812860578963,127.79503270163332,19.18463257710686,108.61040012452648,520.1997375860761,-57.5234527018084,57.5234527018084,58.43348150641874,10.272494839316971,-33.91668683173662,-79.28147937935302,45.3647925476164,426.0259329127428,3,S7,37204,37459
-213.7976431953808,237.07992570396863,258.8515014152887,145.92692537379745,64.91403650547473,-330.2314639697221,395.1455004751968,870.1335765480658,-92.19290684979607,92.19290684979607,96.81435135404676,29.55480594911155,-29.054665294139426,-123.54802791620484,94.49336262206542,448.9279181482868,1,S7,37479,37734
34.02356495494393,36.91778864141989,50.41566883781081,37.203987583598064,124.45656078736658,-21.84510333429561,146.3016641216622,570.1733699861652,84.30046102893678,126.0702131370941,240.43990926661112,225.17722406683345,732.1947514144623,-47.44283905087975,779.6375904653421,1792.6442598163253,3,S7,37987,38242
0.7343257639271776,22.346249803385614,27.7008908891081,27.691156019976937,82.97986068730415,-39.44582405147098,122.42568473877512,511.1954809829496,-26.6865670038006,30.072531428354395,31.738662644683128,17.18050779298055,44.33712010214072,-51.35374162333109,95.6908617254718,436.0089568815865,3,S7,38115,38370
-32.03594887911259,32.41700472068266,36.72410468836246,17.95432662554323,11.741661463070391,-67.36927739124,79.1109388543104,431.9476497139071,-23.95881670005568,24.130482801661092,26.03491404081905,10.187828593275894,6.566255922882581,-51.35374162333109,57.91999754621367,414.9634666271376,3,S7,38243,38498
166.5134785717463,176.01255852683985,194.53356539752983,100.58115887288044,243.08167186804528,-35.828820134492155,278.9104920025374,653.5967333069593,-3.9420628635194848,11.78139915531826,14.240278193425429,13.68377372679804,27.718173007941456,-29.559292206864136,57.27746521480559,385.7141296730295,1,S7,38517,38772
-35.884474418179806,35.884474418179806,37.468800479142416,10.780329543978787,-10.056513435057942,-61.45626282426893,51.39974938921099,499.6425818899541,79.74329204437007,93.08631314365212,202.7679896529197,186.42924931944788,677.4713306885911,-27.6856803431328,705.157011031724,1623.714997414973,3,S7,39025,39280
-32.629349044406595,32.64430348690886,36.12472375355064,15.50229812668522,1.2604121504960084,-69.93069715423775,71.19110930473376,388.5146303123725,-10.399343551631889,12.599834634558295,14.703555393679316,10.394623365477385,25.667542660853776,-33.6183383147153,59.28588097556908,459.4503169532286,3,S7,39153,39408
-5.631895964306152,22.7166168180872,27.63826947006965,27.058375545243216,48.4746335857543,-69.93069715423775,118.40533073999204,309.56883795295704,-12.608746173321515,12.72919731950157,14.728378886136705,7.612139288685372,3.5280961694426787,-33.6183383147153,37.14643448415798,405.2538649174359,3,S7,39281,39536
-143.65742967032898,181.05494231398168,194.5462329765439,131.18986113979307,95.67460240520258,-257.11574029073864,352.7903426959412,866.6839357118391,-40.41602554017015,40.65733823659237,45.19620150538196,20.229718486706734,8.751922309030265,-72.26145076376702,81.01337307279728,444.43483924358,1,S7,39555,39810
20.942169663419364,129.3111623474452,138.80953205543523,137.22066797402445,128.5371303070917,-224.85813397779032,353.39526428488205,777.862997340317,-39.37427758049164,39.37427758049164,46.803322107447705,25.30251420922229,-3.2885895373917915,-97.82650812692052,94.53791858952872,472.0082650668133,2,S7,39819,40074
96.09268654084082,96.09268654084082,96.8658033950266,12.213904401445893,119.97937889698112,70.0318080774422,49.947570819538925,442.136194465058,66.47020334315046,84.44813184526272,185.5686205657896,173.25537511491586,622.8253741149736,-29.16774784838485,651.9931219633584,1559.4802180069094,3,S7,40085,40340
87.69362076710017,87.69362076710017,90.04386607165956,20.438363287870743,119.97937889698112,48.49147488718324,71.48790400979789,413.0287974055193,-5.757442573915195,10.971615139645248,12.88626540542104,11.5285598019449,23.031441374697746,-26.811432154713003,49.84287352941075,373.2035966267128,3,S7,40213,40468
-94.43279781586288,115.32937827743754,124.80317674078036,81.59828197492166,60.40745429814003,-194.47544592269884,254.88290022083888,489.6446492656332,-79.6619708616997,80.26588936276846,92.17970551639353,46.37961305917439,9.959162387013276,-128.54263391603834,138.5017963030516,454.480938786805,1,S7,40595,40850
-43.63629482560597,43.7886642701624,67.0358678487275,50.88891187798036,7.059930780153175,-171.16079747806765,178.22072825822082,516.67077958228,0.2267684046504836,31.098198344768285,44.86048030769151,44.85990715023193,54.93998851689162,-114.60700246861636,169.546990985508,595.763785859472,2,S7,40859,41114
0.5109271867833476,12.791942590865853,15.65758074901037,15.649242420052984,47.1152864759133,-29.93991082761072,77.05519730352401,525.8689531923685,92.93202983828527,102.41613570844991,219.7734503078807,199.1582468550237,737.1500452181652,-26.59123790862183,763.741283126787,1706.5687848353286,3,S7,41123,41378
-0.6846952379461486,12.884459063133516,15.460420256075055,15.445251274278116,38.024984864047525,-29.93991082761072,67.96489569165824,468.02709563675353,-11.192876328260349,13.897523066087654,16.33650205236064,11.899614229337546,18.73267503793553,-39.25322958032172,57.98590461825725,431.82052036232966,3,S7,41251,41506
124.97411312006624,125.01009938156923,139.6486102950125,62.31537055318824,211.08391237754887,-1.5833042223420737,212.6672165998909,611.5178118313862,-67.04273188475503,81.0988789632203,86.91249833947097,55.30871964742446,40.102680422253385,-115.88158317805332,155.9842636003067,481.4960409076024,1,S7,41633,41888
-24.44632213583268,90.9462504564443,99.8932862004484,96.85579983643616,189.92051901801543,-102.65016932942336,292.5706883474388,629.4630336525717,-4.532515598390379,32.061085021846445,47.08031007228896,46.86162501293805,75.74316255340392,-110.09466879683228,185.8378313502362,564.4686148908092,2,S7,41897,42152
-77.82188802274074,77.82188802274074,78.94231029674111,13.253003416696108,-50.09825122596337,-106.09402156943337,55.99577034346999,404.4299593854073,116.40899964300064,125.00996814092392,250.62247228484335,221.94721988860996,747.9173414110646,-35.233295421435585,783.1506368325003,1756.622927839791,3,S7,42161,42416
-98.6258579496527,98.6258579496527,100.22845933059246,17.85172830510117,-66.495111072348,-136.65310473035137,70.15799365800338,460.0864424120364,-14.03211199618691,23.68207754451144,27.83585659749059,24.04027340615176,64.00766539260881,-48.88758815088585,112.89525354349466,401.1451379045386,3,S7,42289,42544
154.660953359441,194.18179332987407,206.8232989228781,137.31666498750616,274.47363873479475,-108.03198630533213,382.50562504012686,878.1657813473826,-31.598426178802256,33.85483360639015,38.5657437484338,22.110089413945055,29.687637441812488,-78.03028399010103,107.71792143191352,509.1710575212052,1,S7,42671,42926
-1.2414125998701842,101.4241180893906,125.37167432084604,125.36552802413097,257.9450290113262,-113.21356865688811,371.1585976682143,683.7093046676966,-45.70291605133156,45.70291605133156,48.30443517115323,15.638475680483898,-11.545785771630658,-77.40735708646272,65.86157131483206,470.5235552523401,2,S7,42935,43190
-42.348196796186016,42.348196796186016,45.10490644648149,15.526841715472877,-5.623139649703431,-76.93290284059923,71.3097631908958,399.8353343714507,63.90713714510595,90.04848019105685,184.6740994487638,173.26396286916824,642.9942817928406,-60.59757196473544,703.5918537575761,1589.006197228114,3,S7,43199,43454
-24.06131858901385,24.43645054260461,28.14531804775101,14.601776459288624,4.882277940576899,-50.0325718409395,54.9148497815164,408.0956668067428,-7.501026062413552,13.44209903536916,14.835532655991068,12.799517068935453,23.77624182391875,-29.193675392286533,52.96991721620528,398.65774366354674,3,S7,43327,43582
45.492534015023374,50.37941902533206,56.19743674008851,32.99365461794421,85.6167819010708,-40.46688177868532,126.08366367975611,463.4681556903388,-37.1257483903819,37.1257483903819,37.97164977519656,7.970256777810917,-14.978668443480164,-53.107062055178304,38.128393611698144,402.0416689606253,1,S7,43709,43964
-17.58226002997551,22.5305938132541,26.80684104851134,20.23538631305264,47.52885779420332,-61.42981853492159,108.9586763291249,588.1151950031167,-38.160289358514746,38.160289358514746,39.20696758338132,8.998812319341909,-14.724526443849486,-57.16047665654873,42.43595021269925,463.4579570330728,2,S7,43974,44229
-22.96715182938365,23.693559661254746,27.20467024122291,14.580947149609962,9.648560289838294,-49.344125565448834,58.99268585528713,576.6572692034332,129.47021907466095,134.8225158505208,261.0438796447849,226.6745893847836,787.2825917422666,-31.860601976492585,819.1431937187592,1883.832285195449,3,S7,44238,44493
-30.097869856661056,30.43165538181252,34.18756626868528,16.2144354655733,5.675956321883503,-64.44204452489977,70.11800084678327,595.362915210243,28.815891279945475,28.815891279945475,31.310415297821525,12.246898214013958,63.55745196449826,3.2886824078859345,60.26876955661233,442.4584079941624,3,S7,44366,44621
-35.77815595357778,35.77815595357778,37.24096131227282,10.335025690518044,-16.248812974351754,-64.44204452489977,48.19323155054802,493.63434158870473,22.606427269549204,28.817127994980964,31.80639751203981,22.37401101279057,63.55745196449826,-32.14080511879669,95.69825708329496,343.3608681173821,3,S7,44494,44749
8.056834194424201,58.05538580292108,78.79213153259548,78.37912613836278,171.96779199204835,-75.85770017575285,247.8254921678012,526.8835980652678,-29.81431018801357,32.9006777992099,41.753914885428415,29.23176895558172,39.87206432954321,-88.64528532104961,128.51734965059282,589.2695554014651,2,S7,45011,45266
-77.90824723036815,77.90824723036815,79.34486799754342,15.030405551395583,-48.219882288488286,-109.78269427545708,61.5628119869688,458.6548943867496,59.9262981752424,103.06891048516324,204.85040965212693,195.88907351268,713.9493075452106,-47.74697719857457,761.6962847437851,1708.1691679811684,3,S7,45276,45531
-88.40292531218041,88.40292531218041,89.1019554431216,11.139176811464864,-55.16186422643885,-108.06532686148418,52.90346263504534,414.6793926715949,-35.15392873354766,35.15392873354766,36.32432500200323,9.14646824997546,-2.922707292433134,-63.907673772122266,60.984966479689135,400.9479616037421,3,S7,45404,45659
-60.10404280550803,63.712919480875286,72.55806832633088,40.646984115456334,16.66421712142627,-105.26697239695088,121.93118951837717,399.7877888237227,-40.65208025583174,40.65208025583174,41.92819692647189,10.26557686535063,-19.672533602375054,-69.46605588774806,49.793522285373,433.4758563484567,3,S7,45532,45787
90.18494650532936,98.5200136042008,105.9061298697311,55.52282204477033,139.61319719842749,-38.76727266252408,178.38046986095156,605.8416278798392,32.48190690938983,40.36487855202153,43.12092028804166,28.360879570587645,85.63276985225481,-30.662876509105057,116.29564636135989,452.0167052238008,1,S7,45806,46061
-31.73854158440377,31.73854158440377,35.525568976633174,15.960295398538031,-1.5736799102827126,-64.21238419901417,62.638704288731454,429.2600920686814,70.69466938733234,120.62580412353545,230.32234086580985,219.20457208307056,746.2339556395817,-56.81239647314843,803.0463521127301,1763.717408160708,3,S7,46313,46568
-43.82850740645366,43.82850740645366,46.519549136115785,15.592638979657282,-8.916382640244391,-73.27519313350308,64.35881049325869,340.70489682948846,-39.48928749433926,39.48928749433926,41.6905438115501,13.367782781456295,-0.1788530001449986,-60.04195665699814,59.86310365685314,356.1575824844649,3,S7,46441,46696
-45.045826786397626,45.045826786397626,47.452791325687706,14.921155911293337,-4.793850096618613,-73.27519313350308,68.48134303688447,478.3479551943785,-25.59066544683968,27.52692000080055,33.46676205167073,21.567151045306694,11.179263810781077,-60.04195665699814,71.22122046777922,370.2562415549968,3,S7,46569,46824
86.98482516232716,89.9312518983176,99.6526623955928,48.62399936255114,138.93157193392318,-25.51994335356286,164.45151528748605,668.8766187982288,-88.56175990747019,88.56175990747019,95.36591269259786,35.376149957051624,-8.054345591091794,-120.39469525958438,112.3403496684926,427.5769946855164,1,S7,46844,47099
5.995903281585575,26.607703931290214,42.896870782840814,42.47576564109955,116.86834052561632,-47.737529332708064,164.6058698583244,479.7249866667431,-1.7234809131610778,21.18434645086008,30.36617306533825,30.31722415024244,39.00105652621022,-87.40175142956288,126.4028079557731,457.1919308790506,2,S7,47108,47363
-25.30494862065317,25.475553826336665,28.53872782133281,13.19539923481735,3.4454099293038385,-51.547239209296094,54.99264913859993,388.48407845959593,104.65328297732954,107.56640090294884,222.64502831643583,196.5159001101272,741.2531373626218,-22.12474789375557,763.3778852563775,1852.5574929726115,3,S7,47372,47627
-6.897175719995779,13.441430529444329,17.04448050211905,15.586637952894687,22.64736145808421,-38.22842770830718,60.875789166391385,446.33335704912577,18.77913587249255,18.780840835549323,20.475996179681385,8.16152408761931,36.03536070277851,-0.2182352712671753,36.25359597404569,474.2630756621203,3,S7,47500,47755
50.56090435349256,66.2171276384866,68.96710398252297,46.90475863591149,103.78205174377166,-56.73569306586928,160.51774480964093,449.43325135480507,-30.062076442790687,30.062076442790687,31.26027483814132,8.571834278842571,-9.563361494315926,-49.26846051799284,39.70509902367692,354.2047972738403,1,S7,47882,48137
-36.152189020000726,52.20521771314557,54.72479252689127,41.083112664128,82.70092961063848,-82.6914963165337,165.39242592717218,444.6894292739432,-25.632937656285517,25.632937656285517,26.775519735994514,7.7382791524738845,-13.223647087692704,-45.14225671299902,31.91860962530632,385.1114774229391,2,S7,48146,48401
-74.1006125158426,74.1006125158426,76.85758517716316,20.400677048613872,-36.62773019958186,-122.46945054456675,85.84172034498489,520.2470495552237,80.49211661111967,101.7933192266586,222.9047544973813,207.86425556357625,749.1076976834819,-45.52570899279625,794.6334066762781,1894.370280315985,3,S7,48410,48665
-59.04462353044352,59.04462353044352,62.098928486360094,19.235627135663165,-17.601369294902753,-106.56058028977438,88.95921099487163,519.0574409092661,-23.872840999774976,24.12656648845008,28.08872855351216,14.800815327283566,3.790926421168692,-51.98106044234835,55.77198686351704,401.4269259290618,3,S7,48538,48793
201.1484714137646,217.54417025530563,240.4273889434383,131.69898178067015,319.0808175957845,-56.96396327921177,376.04478087499626,803.8578177165247,-79.43424207044018,79.43424207044018,82.21393105624648,21.197444336899704,-38.43019129159473,-116.88569441805066,78.45550312645594,433.2159680385862,1,S7,48920,49175
-52.02498868124928,84.41904028504939,94.7426334380922,79.18059827698063,276.1205778241644,-111.8867429805585,388.0073208047229,749.825437540389,-26.909888788092548,28.37414043071364,37.67354577628517,26.36577206854269,15.326247778713068,-78.69864291225764,94.02489069097072,363.2614334866429,2,S7,49185,49440
-63.13967878979238,63.13967878979238,63.91561703957433,9.929101866300218,-35.57026974068171,-82.26055480614585,46.69028506546414,382.03155267456106,70.36477899905643,70.36477899905643,153.43107605697384,136.3447577885371,590.5107389994515,1.2810908027280854,589.2296481967235,1460.2925525024912,3,S7,49449,49704
-55.703402606351375,55.703402606351375,57.71422150747775,15.101731764567049,-15.631166362514788,-82.26055480614585,66.62938844363106,395.11885249806426,22.890007200127837,22.96521778176558,25.76738089147882,11.832391490507897,45.56957468095606,-3.557056046220545,49.12663072717661,429.7963584852968,3,S7,49577,49832
65.2997417336679,69.28082697852085,81.58606982140275,48.910433635565695,147.90127565382124,-23.080281788591524,170.98155744241276,533.9088973704634,49.02362419602627,49.02362419602627,54.95581085990934,24.835970243920748,113.27915662101547,11.120558330129857,102.15859829088564,482.9837715684762,1,S7,49958,50213
-20.353358891979084,24.887877585047363,28.79147153336842,20.363929259135137,36.32046676354218,-54.360546000990006,90.68101276453218,503.65486590165057,-70.46501308865513,73.11292243356851,81.58152115089615,41.11236460859163,16.687769420061613,-117.49083224577625,134.17860166583785,554.4006179535776,2,S7,50223,50478
0.9529840629658588,7.223583194113819,8.81592266627852,8.764263450714866,22.07560910088608,-19.0188839954199,41.09449309630598,428.1213375977488,13.99946208397646,129.42602388242562,200.2757731131749,199.78588628188731,665.1719071920904,-94.15620618059012,759.3281133726805,1755.2977138423794,3,S7,50487,50742
2.844620808632857,8.199211224016855,10.149015117480754,9.742209210951376,25.07887444904706,-31.533265587703735,56.6121400367508,448.1612732666593,-68.84265616444688,68.84265616444688,70.44483284784101,14.938646765487285,-30.173107568771247,-94.15620618059012,63.98309861181888,394.9684158441613,3,S7,50615,50870
-57.12971829701122,64.16790884029254,72.60764262915941,44.81143889084425,23.629485046845115,-113.8202849440524,137.4497699908975,546.0417519568605,70.87154959936231,95.11303423003142,100.60285381558306,71.40138411280768,147.16412503576896,-55.96355760549921,203.12768264126817,603.1307246757326,1,S7,50996,51251
-22.56629790944907,28.16982737294094,42.741244716776016,36.29843245377586,22.460572023799344,-95.96347966981874,118.42405169361808,485.785835022488,-25.82754781642621,77.45050513138597,80.33619554311699,76.07129608552852,106.15497362172314,-101.88031838416602,208.0352920058892,513.2953507133648,2,S7,51260,51515
43.39126433354479,43.39126433354479,46.1965949954786,15.853187966864017,76.10144128266622,10.683560182610288,65.41788110005592,529.578309310087,28.204913415552117,111.34078219867348,189.7290279515479,187.6208594657333,647.0929351605351,-107.2707541512661,754.3636893118013,1691.5492100000083,3,S7,51525,51780
29.36863369414821,34.3175689623701,40.031399277693154,27.20287269883522,76.10144128266622,-17.317412876863468,93.41885415952969,591.8511512901936,-18.95181837013228,25.34047083879713,29.555150951345446,22.67896664802725,138.33324760297157,-47.45959328146376,185.7928408844353,549.5644260608692,3,S7,51653,51908
-7.277900389162728,20.414149200867037,24.65729434069725,23.55874211687045,50.67690944749654,-48.95411050292654,99.63101995042308,500.6748950047268,-24.54328299962909,24.54328299962909,26.221572556935115,9.230283146184114,-6.944073045355811,-43.797924998587646,36.85385195323184,434.87705852975023,3,S7,51781,52036
-11.232518930153804,40.70093045603227,49.24911080304776,47.95107332870258,113.98368081310448,-57.34236223892558,171.32604305203006,605.8978401151719,-40.116424656830816,40.15625498163371,42.87776268331322,15.1385271899001,2.396654645416377,-66.66667853537132,69.0633331807877,434.8657278127863,2,S7,52299,52554
-35.392138417206205,35.392138417206205,40.814303878974094,20.32741841411636,-2.719621444909954,-72.57784889539813,69.85822745048819,411.8488829149944,80.43716975212025,105.72197168592074,222.15238987119608,207.0785987197916,747.5801053565043,-49.90294415302696,797.4830495095313,1809.9963579006453,3,S7,52563,52818
-20.703798765352307,21.36468443645262,24.58765039582977,13.262928359579728,11.624888314309764,-49.435818539339664,61.06070685364943,462.13252051852805,-3.4341661160708306,10.43417938747702,12.267211028353785,11.776713017705562,24.041250191666183,-24.556672384397785,48.597922576063965,414.9980542397524,3,S7,52691,52946
-26.920987553467416,27.58187322456773,30.52594028587672,14.390742144968188,11.624888314309764,-52.58455285085784,64.2094411651676,468.3030664329334,14.874582561754409,18.620917650001893,22.247022264812145,16.54317966004719,44.22205309365267,-17.887120367629823,62.109173461282495,442.6199312770418,3,S7,52819,53074
30.13467022213603,33.890188477025085,39.1691038942196,25.02239697709388,73.11333285155287,-28.96123014651716,102.07456299807004,648.7370855834281,-11.654482909658086,23.2178808613886,29.634891329021546,27.247014739075617,94.19514884480913,-66.09544312199182,160.29059196680095,608.5501110919754,2,S7,53338,53593
61.60754222441437,61.60754222441437,63.98648569801392,17.285285448876408,91.73945184577094,5.063633102507108,86.67581874326383,631.0003751286727,57.4874224775799,100.82098082869292,198.0328119738794,189.5051209734611,669.0804727733448,-55.88821573138452,724.9686885047294,1642.6471409495732,3,S7,53604,53859
58.66469933585576,58.66469933585576,61.37171058352768,18.026089752964364,91.73945184577094,2.735362721925467,89.00408912384547,579.1642333632319,-43.55859300831531,43.55859300831531,45.41492690599373,12.85163651107116,-11.019308036697907,-69.91708086420014,58.89777282750224,432.30480725586295,3,S7,53732,53987
55.18748660198378,55.18748660198378,58.15174798754832,18.32940578860076,96.07451665488637,2.735362721925467,93.33915393296088,619.1234449154254,-65.42964110163173,65.42964110163173,67.52864266671041,16.705677050629372,-33.15518751081655,-98.57290990232708,65.41772239151052,437.9062963382796,3,S7,53860,54115
-162.67283630527604,183.503572907309,191.52868949779872,101.09790912348817,83.09179325233308,-230.5684888584269,313.6602821107599,688.5219199957442,-17.97610199496249,21.185811191799164,32.4910513694243,27.06525773306573,11.539384354488115,-81.39554090065167,92.9349252551398,436.1156693583096,1,S7,54134,54389
57.08011134871579,57.08011134871579,58.73053012651402,13.825196467304806,96.60370814242626,14.658919448079404,81.94478869434685,436.94436679556543,82.07525991329106,128.44930608456218,237.7055273418445,223.08646180131612,726.2042651025056,-54.99252570693012,781.1967908094357,1773.2809398144775,3,S7,54641,54896
39.48757734900522,39.75756277215332,47.467145125744814,26.34124335514269,96.60370814242626,-6.583985487078154,103.1876936295044,522.6329880204099,-34.51459147651484,35.08866320927021,36.9917430982861,13.309095861811448,22.78743260900258,-54.99252570693012,77.7799583159327,465.70246008825904,3,S7,54769,55024
16.57550212970785,18.086494272722327,23.034591474807847,15.9951596915861,52.466421234023656,-16.533160278339082,68.99958151236274,506.17267303494,-38.179729247118,38.179729247118,38.9615407778568,7.765947102663097,-18.33742638560741,-54.319408223474746,35.98198183786733,428.6792806495134,3,S7,54897,55152
-10.900766687194968,25.03898244666829,29.360378969472364,27.261788988662783,42.85102254274832,-61.72508063943903,104.57610318218735,492.1058809635271,40.81013677738354,53.957404236288696,56.95976653626235,39.73597538851613,84.31232221094137,-44.584000414829774,128.89632262577115,507.4155885096529,1,S7,55172,55427
-6.212174075286888,12.207097288462425,14.686290624550836,13.307743068120276,25.90554711975776,-31.304105207633057,57.20965232739081,496.3356551043147,-16.981991823792413,33.36282635144939,37.231859433200256,33.133416825770176,82.38139393777402,-48.770300973477056,131.15169491125107,437.5989806545389,2,S7,55436,55691
-6.446083064112932,12.877132514798856,15.669630857668198,14.282343797365469,40.986838054114095,-31.24146838353977,72.22830643765387,545.1314990171181,73.80649286855588,99.4238696296615,216.63915605971707,203.6789766979161,731.8580114189738,-41.848091842734966,773.7061032617088,1784.438526045192,3,S7,55699,55954
3.117268222345234,11.711641932244378,15.118480278202744,14.793616351398391,40.986838054114095,-27.0476879608842,68.03452601499829,605.0690932249431,-23.220426808464715,23.220426808464715,27.0915477302992,13.95577791654098,-0.614903236794687,-62.2009153507051,61.586012113910414,440.1732984476934,3,S7,55827,56082
-13.533753759194967,18.86449422184278,21.114025303865763,16.206158512052127,37.97651545597354,-36.628202300289736,74.60471775626328,464.4335060193269,-106.7240039352005,106.7240039352005,110.97372661555757,30.41636044933408,-41.23015033670428,-140.4702815490476,99.24013121234331,403.4170348452325,1,S7,56209,56464
-7.114811760111017,17.671834881791963,20.852239548864134,19.60090170939591,40.72618122914702,-49.744577757070935,90.47075898621796,558.1173300618234,-39.00618674883071,39.00618674883071,40.559202818620655,11.116039249541595,-5.327785655528093,-99.85008966214444,94.52230400661634,450.6888299795495,2,S7,56473,56728
16.147322732574242,18.14151204483097,21.605934139467813,14.35549924625096,48.881917903175626,-19.39915994547628,68.2810778486519,428.3727400290732,126.3313977202785,130.66146993773393,245.5750218622856,210.5883883615212,764.6601982611227,-26.89357196255868,791.5537702236813,1757.9182901069817,3,S7,56737,56992
30.312033419962795,30.323946520508525,33.15462713250464,13.431676374990255,59.75328317326687,-0.9933918222391848,60.746674995506055,488.3234485378404,36.90887345637772,36.90887345637772,37.54035529940579,6.856627172795664,52.22405631487259,20.00252590468997,32.221530410182616,389.3845215750768,3,S7,56865,57120
-52.17418984816078,57.90379648687464,64.66000678344041,38.19385278971782,23.044305747459237,-103.79702131437485,126.84132706183406,476.4439403691015,-35.96095171495775,48.56697757018691,51.54257980119739,36.9248897671649,39.82316561613804,-82.4209177921408,122.24408340827884,459.5137231416852,1,S7,57248,57503
-8.950297125446742,24.77510659683535,35.868001670560574,34.73335177038859,36.76412713424078,-97.45310666618974,134.2172338004305,444.36022035717417,-51.24637343501807,51.62612513844071,54.43141527799692,18.346339660118304,13.250480876740513,-94.3438373805123,107.5943182572528,508.6885809726009,2,S7,57512,57767
41.84686999176686,41.84686999176686,45.70045462720651,18.367662481261,74.23169772038926,0.209460744121522,74.02223697626773,443.5484076398735,54.91656664966493,120.76804731674454,220.75431327574336,213.814493281578,720.8079984301265,-79.42402971694784,800.2320281470744,1825.7633808910143,3,S7,57776,58031
48.67916224879142,48.67916224879142,50.23734821730041,12.41492322417406,74.23169772038926,11.46120802828733,62.77048969210193,474.2053785223212,-50.089799835241976,50.58871227082551,54.09196806434753,20.419426082527064,25.97524316382208,-81.08458781363397,107.05983097745604,446.6810494608666,3,S7,57904,58159
-28.3194548781464,52.48122583804173,55.2864155693114,47.48258861843179,68.23485896367416,-93.31265415844967,161.54751312212383,490.4146262844422,62.48895840240186,104.11437529217716,106.5664515140308,86.32229530124395,151.26803491241714,-114.49620245208224,265.76423736449937,604.2280202968618,1,S7,58285,58540
-21.34890429735683,29.390124018787034,36.320072004191786,29.38319103998024,28.959150813804914,-80.67290166728331,109.63205248108822,462.7821102023651,16.780059258610194,52.40089234750626,73.32921161483453,71.38349170032743,155.656488969058,-51.11318810996027,206.7696770790183,509.1511459756292,2,S7,58549,58804
-26.707018186973283,26.707018186973283,28.25104963922924,9.211785129868844,-3.0438703180416407,-49.291728911660925,46.24785859361928,363.8426563940145,70.58112939722206,121.01736506072008,229.17438778864675,218.03486920975195,750.1315523495073,-59.30732844864087,809.4388807981481,1833.0772547791096,3,S7,58813,59068
-43.46112067582804,43.46112067582804,47.416162961184845,18.95846775355937,-15.591187500379762,-84.10052156784758,68.50933406746782,390.9467916672351,-40.89178545917389,40.93704707351442,43.06734955970203,13.515120423379916,1.98613835861854,-59.742605421962445,61.72874378058098,437.3385031861782,3,S7,58941,59196
-51.99742827712139,51.99742827712139,55.57296821409378,19.61178851329717,-15.363157604551974,-94.01805854392514,78.65490093937316,479.1907141757594,-42.080260518004806,42.080260518004806,43.42934906447077,10.740578890380808,-17.017489281004963,-59.742605421962445,42.72511614095748,403.5722285044805,3,S7,59069,59324
-14.305014452263284,45.650137698436296,58.4820342712606,56.705510261573686,166.28977450317944,-71.58833843018866,237.8781129333681,664.3535162550198,-23.446699704898865,26.700312503631945,46.849797898053446,40.56052065786076,23.040058838394845,-153.91527479125747,176.95533362965233,568.7036415614452,2,S7,59588,59843
-26.855970923489068,26.898995302493827,29.92821156074308,13.20812904923726,2.340659795832696,-55.30551065710621,57.6461704529389,497.0098036941415,90.92793268602802,93.61164470991748,215.34755584308445,195.20932576348795,757.2443139232431,-18.17926448156626,775.4235784048094,1751.420352834891,3,S7,59852,60107
-16.494497669501584,17.130504932003767,20.299067794114187,11.831470742931776,8.642581509777399,-38.15620133094337,46.79878284072077,416.200023028309,18.349973626994764,20.956542305797637,28.70245440354149,22.07055406363816,62.654024702664586,-18.17926448156626,80.83328918423085,388.4818111694726,3,S7,59980,60235
3.259952978777406,17.70705311068452,21.714645896773824,21.46854799464641,47.7479774651773,-38.15620133094337,85.90417879612068,401.9968946886109,42.81741094819404,42.90247225226105,46.0286668118871,16.89104757477138,72.69969022970078,-4.471877279324563,77.17156750902534,379.5319097069336,3,S7,60108,60363
6.294535038809011,13.737208023899433,18.647165775316463,17.5526527937329,56.36703325420824,-17.80674302618401,74.17377628039225,384.8449546762768,54.04949971023398,102.88411741742296,198.8537198673209,191.36732606728967,687.2904433587233,-78.7277697807165,766.0182131394398,1712.833154885805,2,S7,60627,60882
-56.37569205734049,56.37569205734049,62.58029597227895,27.167531890732157,-3.6201756584046136,-92.57781132260894,88.95763566420432,401.983246336092,-33.31237211009545,33.95044695601879,36.4168506198172,14.71301714348948,17.305740953443387,-55.82740812230974,73.13314907575312,432.9446992791049,3,S7,60891,61146
-70.39838580378111,70.39838580378111,71.62498976416713,13.198728534939846,-38.80445065014249,-92.57781132260894,53.773360672466445,380.25186875476993,-53.88456517641952,53.88456517641952,55.22792389920384,12.106907696205813,-29.04736734537649,-75.95984941704923,46.91248207167274,383.1107735774148,3,S7,61019,61274
-36.03158309258791,36.71562205047815,46.30789186365504,29.088586570988653,5.837046204812176,-88.7873772038379,94.62442340865007,380.8366154045672,-64.14154191011366,64.14154191011366,64.72114625192306,8.642301403905481,-37.14879302665416,-80.69847941153306,43.549686384878896,364.071803732848,3,S7,61147,61402
13.119177469822642,14.1758884406635,16.98135276934867,10.782092764967464,36.62493714466758,-8.157492497612822,44.7824296422804,428.01738722325535,-15.767082722976134,18.862678632101836,28.97009222775431,24.30360767646273,21.958789156000822,-69.53147652936882,91.49026568536964,460.827024128357,1,S7,61421,61676
59.30585565124213,59.30585565124213,61.46953970205732,16.165388849540026,94.1261184672469,30.38628499235673,63.73983347489016,418.9280726953158,78.06744705431294,124.16540638491465,245.3191078829373,232.56598720127212,774.6131368188649,-63.7945782270354,838.4077150459002,1874.257018035548,3,S7,61929,62184
64.01448259195158,64.01448259195158,65.20985883903232,12.428664783123288,94.1261184672469,30.376819130082534,63.74929933716436,403.08723040302505,-18.47799943826616,20.563393153636817,22.601501860167577,13.01504602737132,47.41875913856346,-39.41264614186603,86.8314052804295,415.52303276523753,3,S7,62057,62312
52.681366783748445,52.681366783748445,53.8406860805444,11.112743649517505,79.30773231500274,30.376819130082534,48.9309131849202,456.90166742782935,-17.26362407381639,18.216711352182795,20.958319980374743,11.883537362154511,9.036903099962837,-37.86291812898111,46.89982122894394,451.07546430525895,3,S7,62185,62440
-152.55471765169824,191.5576754532012,208.97832616606996,142.82506407974387,96.74740813995432,-271.836815076372,368.5842232163263,696.2049473650712,-40.19336092775076,40.28709663449348,44.79916560320111,19.78532223833103,4.566718673704805,-67.45268746500786,72.01940613871265,375.3415072739541,1,S7,62459,62714
-20.01494033250049,102.5544138919728,132.401419882393,130.87986151566705,112.26963709667515,-276.96493763144633,389.2345747281215,818.1961125323803,-54.39808965219774,54.39808965219774,56.625804937050304,15.726716979723674,-22.06206431726636,-87.07825382282282,65.01618950555645,434.0887627134633,2,S7,62723,62978
70.9949073631298,70.9949073631298,73.36806051547654,18.50933365367986,106.15166393561329,37.56994651408295,68.58171742153033,356.0422678205381,55.06017496970696,75.5701327944405,168.86330105282605,159.6345563302715,618.8189758325585,-56.69740730421389,675.5163831367724,1573.024726318125,3,S7,62987,63242
68.89228053625453,68.89228053625453,70.30074728969232,14.00174103471374,98.3991807492012,43.80297565847562,54.596205090725576,392.8618107385238,-15.55936429623205,18.255809360178603,23.18249844522057,17.185296531040525,21.943509583256382,-49.6824457386136,71.62595532186998,395.5424438680989,3,S7,63115,63370
-66.1786849088292,96.15107539504626,101.0762624534457,76.39890375715962,73.21780025325879,-149.7018353644145,222.9196356176733,682.0396558311734,53.63288283359404,58.81432184461373,66.4379379894534,39.21113978512264,100.99130428327176,-34.40376743051162,135.3950717137834,469.8822419128261,1,S7,63496,63751
8.904067408902074,55.97774749258507,67.63656255601667,67.0479095719746,63.124726432979294,-155.6565507538731,218.7812771868524,579.9283735234337,-12.709651188004491,39.5942850559141,44.50651955252837,42.65319506624149,87.78599411305078,-57.12617080736379,144.91216492041457,493.47337815425954,2,S7,63762,64017
5.592140155770933,10.848761604391782,13.776052505564165,12.58997979006618,33.94170653172934,-19.934391520090955,53.87609805182029,442.8849020305333,70.68669158107201,115.92674057584776,218.0338109230847,206.25744674790735,698.4164854766037,-57.34734634229926,755.763831818903,1699.2826572993956,3,S7,64026,64281
11.369920937005446,14.972911029424871,17.305672810429606,13.046501803467768,34.84914525820082,-19.934391520090955,54.783536778291776,368.6761802430672,-36.36228456542392,36.72623779485661,38.99608783269069,14.088262044626356,13.271376691947896,-57.80644081255244,71.07781750450033,421.54517443454336,3,S7,64154,64409
-22.81302495042104,34.17502221083712,39.272909373766105,31.96759770911028,50.90209118732549,-89.25882910396435,140.16092029128984,540.0464496502786,-74.49139890862388,80.9275629042443,93.87636693631696,57.12970993973533,26.4451760139968,-139.46548129749516,165.91065731149197,545.3974750433148,1,S7,64535,64790
-25.545087787206352,25.774402968118657,34.78691732992334,23.61309186156784,4.973131763856415,-82.11065390009784,87.08378566395426,384.4861912820806,-52.758827636938605,54.87223552741943,59.43134636638836,27.360391760671604,30.82897657571077,-99.5609909180846,130.38996749379538,531.438240657416,2,S7,64799,65054
12.519795094752832,15.955507123135613,21.065145095545056,16.940928802216508,46.93750238779152,-22.73497628568648,69.672478673478,361.145961894172,99.54647011769802,115.4781942346958,222.4520172060908,198.93566861215496,709.8493165808169,-56.5789764370151,766.428293017832,1682.4616707361768,3,S7,65063,65318
1.4506085141106018,8.756678310703805,10.82701515786535,10.729398499796522,26.14931515664357,-26.083345754765165,52.232660911408736,365.1208601716542,8.31571400016831,12.67749521625993,17.54723575183719,15.451678976666518,42.91682079888436,-15.956627484506948,58.873448283391305,407.3820246319744,3,S7,65191,65446
61.72802353219689,74.54535434111222,82.39591148425421,54.57780996091361,122.6282027643021,-39.71962212049551,162.3478248847976,453.95970140672273,19.395764435306504,28.589658956881088,31.333705379636257,24.60905148086666,72.07488191818786,-30.05907058658429,102.13395250477214,498.6520930921297,1,S7,65573,65828
-14.189618029848155,50.82086841103715,57.267307693063735,55.48152188412864,109.53522109633724,-82.33511409585992,191.8703351921972,566.4500689251895,-21.10167391027127,32.89551199854111,35.30766687766839,28.30813837978362,40.48009774118883,-58.005138296971545,98.48523603816037,395.448184404028,2,S7,65837,66092
-32.44588263523022,32.460958100101564,35.09346428891772,13.372207589564624,0.97134700414172,-64.81764535684523,65.78899236098695,551.3058315324515,53.36167069798575,107.01481366818766,199.8318488468284,192.57543953957736,679.740503150839,-73.72331466847614,753.4638178193152,1694.4025771370527,3,S7,66101,66356
-26.073865184796208,26.073865184796208,28.819370107084207,12.276385774900158,-2.629534233142757,-55.57437860399073,52.94484437084797,477.06039205920985,-57.50864458686944,57.50864458686944,60.95276936356025,20.198908160306623,-12.79464121928471,-91.15168028801357,78.35703906872885,379.7157288561028,3,S7,66229,66484
85.83384749557602,92.52489094442456,105.1915528446532,60.80964902032956,146.0492244861026,-39.1908679163878,185.2400924024904,573.5249532956365,-15.513140550170764,25.77355813095376,37.02106888550597,33.6140151082257,41.22702946146243,-78.51789432521937,119.7449237866818,495.2465149550302,1,S7,66611,66866
6.592594046173609,52.4925900603311,65.80280350240521,65.47172406862757,128.579715367755,-67.0917059064607,195.6714212742157,666.7618594450876,-18.51471818051019,29.97918545558864,31.73303534044882,25.77189831220159,41.95135440466183,-54.08601861961307,96.0373730242749,441.4557820979636,2,S7,66875,67130
-88.85965756738318,88.85965756738318,89.96805585672783,14.078790134336812,-61.60058017188392,-126.24553276709176,64.64495259520784,586.3700145840448,98.03048281340986,104.33256040008234,219.75271257224503,196.6755681883988,744.4467229364184,-29.427732879771792,773.8744558161902,1848.5869740115145,3,S7,67139,67394
-94.87756616518894,94.87756616518894,96.11803438492748,15.392334864870072,-61.60058017188392,-126.24553276709176,64.64495259520784,577.1147304417427,14.67623492061707,15.554917732339511,18.4926085522533,11.250986606592866,40.33768620735949,-14.50976068920492,54.847446896564406,511.3278592812487,3,S7,67267,67522
-94.9439269544223,94.9439269544223,95.64138760170542,11.5293432966919,-71.60925987948153,-119.92819075006562,48.3189308705841,335.78051625628376,0.4297089268279555,11.19802315098078,13.361676266104048,13.354764800563602,27.330226730550915,-23.70225693276229,51.0324836633132,451.657080762491,3,S7,67395,67650
-22.5336726270222,138.17562276150196,152.8698733602886,151.19997281457714,274.31064938635143,-132.3064708985531,406.61712028490456,679.8803693214957,-16.0492921854913,22.768534151146515,38.390585144267895,34.874879900352504,30.09305408711373,-96.41470243605954,126.50775652317328,492.6096003914069,2,S7,67913,68168
-57.20976644162676,57.20976644162676,61.704648062465566,23.11939048087669,-10.865371551452617,-109.03420075160456,98.16882920015196,445.6123836041469,84.72360123039212,124.35712670327152,237.15530305857536,221.50518992420524,730.6323359441126,-52.377895410749794,783.0102313548624,1791.1145441133808,3,S7,68178,68433
-43.90994827314921,43.90994827314921,46.15549422857359,14.221325189069074,-10.865371551452617,-76.40697699206356,65.54160544061095,426.5305926435021,-39.975269566775225,41.42955150399543,44.9648250038999,20.58672656579952,31.256764450722784,-76.8230399023937,108.07980435311649,487.5138744180418,3,S7,68306,68561
-45.891223730021935,45.891223730021935,47.21455067858356,11.09997208742467,-17.156164025303642,-76.40697699206356,59.25081296675992,377.95138515510297,-54.16257886034209,54.16257886034209,55.61323522558311,12.619309943624591,-23.798588029947165,-83.61823521191485,59.81964718196768,487.71828637094006,3,S7,68434,68689
48.88990074966036,80.49706103672558,135.1429744747865,125.9896866992738,305.16266152765206,-68.83539685970815,373.9980583873602,780.8424765346778,-18.91821175420693,19.49950653399093,24.72569555144313,15.920467471957014,9.7138676359898,-55.43816120478008,65.15202884076987,418.9092424749908,2,S7,68953,69208
-30.097561111744987,30.287476087257904,32.75022817856826,12.911787671467572,6.980314604469233,-58.468464754733375,65.4487793592026,504.3001350982769,91.3764601765318,96.45282914241554,215.32271216725263,194.9723388090429,737.3686965709321,-23.984289052373285,761.3529856233054,1791.4362995885208,3,S7,69217,69472
-37.324673371928895,37.49746487040946,39.3740643478709,12.537372170797996,6.980314604469233,-58.468464754733375,65.4487793592026,459.64929054882737,5.360043981573366,10.435985058676238,13.081338107807948,11.93278405094082,41.37507788132222,-17.490119580437057,58.86519746175928,470.5465031980903,3,S7,69345,69600
-31.641702630506494,33.00681097273956,35.429661098313126,15.939370758719456,13.554713347146828,-56.40539473305401,69.96010808020084,373.1080807822362,10.671065772279135,15.277697293400504,18.15110029700485,14.683010497701837,40.72266626213247,-17.490119580437057,58.21278584256953,420.6820657235072,3,S7,69473,69728
-200.52230352576865,212.0413766526548,234.84623871249585,122.2438613024233,48.162637931090615,-290.9697195985723,339.1323575296629,680.1940494221896,-9.10210989677918,16.89789064750785,18.901543730671555,16.565625579175805,22.40263462282437,-36.45005316558319,58.852687788407565,392.9644234516561,1,S7,69748,70003
26.361860284732536,28.268604269051547,34.67624432441875,22.52763287109909,74.2289889018823,-17.062670410697212,91.29165931257953,476.3899813555865,67.12814618558224,76.55809249857182,180.06183711136285,167.08104971422122,632.6973365097717,-48.41982591972703,681.1171624294988,1580.384859411398,3,S7,70255,70510
11.227612585203596,13.63514650926352,17.101417195894477,12.899580836004445,42.20064885064011,-17.062670410697212,59.26331926133732,377.3190829542311,15.000285930543978,16.34152092772374,20.72226143254582,14.296976634264334,44.55250379882244,-11.222509869001156,55.77501366782359,397.3676836344927,3,S7,70383,70638
4.371450474434647,14.930995190530233,17.64105900867379,17.090856728001548,33.902778044851374,-32.8775851952713,66.78036324012268,355.5475470747696,16.292657776056743,17.94370380764627,21.624301508978373,14.218288165018391,44.55250379882244,-13.55603292707388,58.10853672589632,391.1195535299765,3,S7,70511,70766
230.3916467934732,237.8092191274203,265.9453680082114,132.84061070626882,360.5960307455753,-29.35973821097912,389.9557689565544,770.3838226399972,-120.73153845223456,121.03333103540707,136.370922537999,63.41075726421762,6.809804270614372,-178.56512172108043,185.3749259916948,489.26964242575417,1,S7,70785,71040
18.2264546280203,82.66658677796208,118.93778867133028,117.53294825587732,278.6049173595807,-66.85750807764623,345.4624254372269,643.4430623340936,-33.70765422736942,37.952653856912406,68.19010812356201,59.276343446531705,28.072651997423677,-166.99791522555262,195.07056722297628,593.0551618692109,2,S7,71049,71304
-20.19666263668524,25.056209581617864,30.13728073037731,22.368516002665302,36.85602862888228,-62.383359127575424,99.2393877564577,581.3182510146563,112.41451244353806,122.63954169232537,250.0932912884867,223.40463679071095,781.2297050231809,-35.57467909992516,816.804384123106,1831.4480577055524,3,S7,71313,71568
5.180966206715279,17.035216676386035,20.96178084961252,20.31142155419104,36.85602862888228,-55.40003839717422,92.2560670260565,462.84900998517065,-2.4316473222818225,13.77950289403757,16.7881201268083,16.611082706801067,47.26901023975663,-28.021501189014742,75.29051142877137,408.48102557384567,3,S7,71441,71696
-183.95262721309587,185.96764528499028,215.6515790094227,112.54792077447308,16.011968027171665,-281.9494639099784,297.96143193715005,605.1445898783006,17.921518005380722,35.15856716952938,38.42510007277515,33.989814768333176,89.03997369574158,-51.775956041094645,140.8159297368362,532.9604234837818,1,S7,71823,72078
-41.28113616501707,55.547479103536816,103.42970692483205,94.83444559590131,33.73983540205652,-278.8836421382839,312.62347754034045,802.9786738592045,-52.996541943937856,54.8011468792357,62.99561396985128,34.056040894721704,18.169767260744717,-99.04275299529286,117.21252025603758,537.3984613073699,2,S7,72087,72342
-7.168647323651293,11.33463552286286,14.01537913558054,12.043311332983697,24.960907162741407,-30.23849479773744,55.19940196047885,489.9278274475936,66.27211188627402,99.1235789803077,200.5866930505396,189.3225517868502,681.6551663103173,-44.79907572905022,726.4542420393675,1665.6063493759018,3,S7,72351,72606
-27.432903126514876,27.5237683741412,32.07165070010945,16.614048413348318,3.2600634963255484,-56.649761051069866,59.90982454739542,438.6424785156796,-27.568985156533987,27.79383250386564,29.469569636102182,10.411848633930711,5.240602785704511,-44.79907572905022,50.03967851475473,380.5268355753871,3,S7,72479,72734
209.47215186779397,225.53084785219224,253.6505333936168,143.03849370970804,334.1957967336603,-62.60916153012428,396.80495826378456,761.5731114464436,21.21873433081608,43.01782729652496,43.98493447164071,38.52842812616126,61.57294891411279,-54.86358930884298,116.43653822295576,433.28706376706464,1,S7,72860,73115
28.936106172982065,69.64201761787776,121.99484205179375,118.513472849242,345.7072268973216,-58.20772424200243,403.914951139324,810.7014308469631,-20.518145117982677,41.07125996111832,43.3229884472582,38.1560879666492,80.42846521968717,-59.18712759109801,139.6155928107852,508.5869474964673,2,S7,73124,73379
-56.036997788821445,56.036997788821445,60.184667121607774,21.95561512129316,-6.9529442889921285,-92.82508614732627,85.87214185833416,361.3422707675344,44.25181533428311,98.23851435367118,184.34957455181197,178.9596113011385,636.895882947965,-71.04067213199137,707.9365550799564,1635.428536354017,3,S7,73388,73643
-63.603891223658486,63.603891223658486,66.14178320761577,18.146087928042864,-26.3460455676404,-92.82508614732627,66.47904057968589,313.7476319804686,-32.45658435272286,32.45658435272286,34.11801391706023,10.51708161988397,-2.3644646736476864,-48.880664551751465,46.51619987810378,388.793748837797,3,S7,73516,73771
26.800981891334835,43.27655760304987,45.62702585572358,36.92604579560626,69.60321110883565,-43.54604729191604,113.14925840075168,503.73080050742936,-49.76188435779775,55.11576927906195,62.82205070107632,38.34533764944269,22.447938542585927,-96.61410548458426,119.0620440271702,495.6700502471127,1,S7,73898,74153
-21.261004523255,44.1632099665985,45.5294328839513,40.26038928520633,54.4735834765855,-67.59616562840915,122.06974910499466,464.5381615417156,-30.06172837604212,31.284476410451276,41.09743214505541,28.02305151054214,25.325550862518,-85.12254393212972,110.44809479464772,496.5535495363539,2,S7,74162,74417
-10.58672225355785,21.956343835441817,27.54509231066148,25.42938108426717,47.426086697961566,-56.4593981463581,103.88548484431966,451.9372199391177,84.76011123057108,109.2160132765,224.2710050427613,207.637201019161,711.9694752622627,-39.79611833806195,751.7655936003247,1746.4710324733678,3,S7,74426,74681
23.458570450684977,27.736010134528,34.35071254796889,25.09316490527723,65.28852316877546,-22.1887434761782,87.47726664495366,539.0627045163487,-21.266423005264897,25.408833536355797,27.44939056526165,17.355353495835665,36.84125574307359,-44.31610105345854,81.15735679653213,489.3195324413032,3,S7,74554,74809
39.85876705972926,39.89559123881654,43.75037507023723,18.038126489873527,81.18061555953632,-2.4752165488022837,83.6558321083386,674.3631173898252,-35.06983906409077,35.06983906409077,36.699127311966905,10.813525487958495,-14.04892711145656,-68.43076820524324,54.38184109378668,413.8538996116836,3,S7,74682,74937
18.352118236151355,87.69269903840376,91.39869453199232,89.5372610615199,90.36624091548325,-142.328690932864,232.6949318483472,520.6448461839207,-41.52968485753589,42.23970128301339,49.86273809020437,27.596701351539703,9.738981623739068,-83.0346271513393,92.77360877507836,477.0982048927737,2,S7,75200,75455
59.88955719520201,59.88955719520201,60.70161447379028,9.895804095034034,84.39562816950834,37.14550485542,47.25012331408834,370.6264448608847,77.19882916332121,103.39450300899595,211.5092693720348,196.9175253909725,681.6793721621387,-41.22106260900577,722.9004347711445,1619.6032788309217,3,S7,75464,75719
64.08706064184557,64.08706064184557,65.44712758088065,13.273099369645312,92.32593462545418,37.14550485542,55.18042977003418,344.88278480924686,-2.675877284935715,22.532098170832672,39.82757821501399,39.73758507042195,228.0586658515698,-38.17932878487392,266.2379946364437,577.4144299357032,3,S7,75592,75847
64.7254951790556,64.7254951790556,66.07252867112375,13.273632465249396,92.32593462545418,36.91612738363172,55.40980724182246,418.0762977474318,-5.436696575978677,9.848092754567638,11.864521370559734,10.54557716264076,22.19188706486256,-28.121083210628456,50.31297027549101,451.4504108550364,3,S7,75720,75975
-106.70969682793849,155.78742351511107,161.68961813374423,121.47663649906303,131.6533963932176,-203.3457372009634,334.999133594181,718.1228978945902,-15.766139585936084,18.567553992841248,23.61179777219424,17.576855139409208,17.8961615437659,-54.70011547372965,72.59627701749555,490.7485659947885,1,S7,75994,76249
55.7340844863133,55.7340844863133,57.31099075970442,13.351460157279318,88.95172418724763,28.15432409571104,60.7974000915366,506.02067712570783,58.282209171596215,88.13055635318237,183.9784090958609,174.5028340959604,636.1452982118803,-45.05801561538361,681.203313827264,1524.3969106610116,3,S7,76503,76758
51.47809933104724,51.47809933104724,54.17313308153733,16.874052184723976,95.45177829190192,12.550957587099884,82.90082070480203,640.4127373905528,-25.914920719741254,39.88139865226223,45.69085006881726,37.6307143713837,161.63233662257193,-66.19223451390364,227.8245711364756,519.5781016585329,3,S7,76631,76886
68.55239469700767,68.55239469700767,72.46299334579733,23.48307019830973,113.13587839275078,12.550957587099884,100.5849208056509,574.2973367655487,-49.83981465478255,49.83981465478255,50.36829233871028,7.277207451674265,-29.41040204828545,-66.19223451390364,36.781832465618194,430.3790300223323,3,S7,76759,77014
-30.79400011605401,67.52336759427048,70.01726901445001,62.8820126673306,108.41419830974704,-86.53738418468058,194.9515824944276,536.3515466038896,34.13413353861195,59.29241598999478,62.15452804715771,51.94272118721854,99.50815417464752,-68.6199057895346,168.1280599641821,569.2547460717002,1,S7,77033,77288
-25.291937354230576,26.113666414385783,32.45727314733847,20.34188990803497,8.639167817686237,-68.89971807882436,77.5388858965106,499.7158036308591,28.32119835761763,111.9345305595972,188.77074495035603,186.6341444449564,649.2872206628131,-80.56476881749163,729.8519894803047,1720.354708156452,3,S7,77541,77796
-60.76449209092805,60.76449209092805,65.0220481824998,23.14180742247389,-18.611562203615225,-98.85842930583551,80.24686710222029,447.73281032053535,-34.180065107520555,36.27235145679592,40.51984932440311,21.76192405367658,57.5328619013554,-80.13890899225106,137.67177089360646,502.4543379692916,3,S7,77669,77924
-84.12235499181519,84.12235499181519,84.70203428855436,9.89262367880557,-54.2474027213117,-99.47514740026791,45.22774467895621,385.749582917016,-20.65625179972074,20.65625179972074,21.72282721025701,6.723130490568829,-0.6815422233005578,-35.16676733460938,34.48522511130882,430.4903030237127,3,S7,77797,78052
87.82386436331035,126.73019916836948,129.75205119444652,95.5121125170056,179.4225344025754,-107.87839446716148,287.3009288697369,682.0029201803943,19.7227871543372,34.24589387194911,35.92835242287253,30.030953609348504,65.45810046636015,-51.9644921859079,117.42259265226804,573.0479732235578,1,S7,78071,78326
17.82087393874058,41.54128614739839,70.60997797186326,68.32412049376508,186.74283718445292,-42.72574959923915,229.4685867836921,678.095510986022,-29.17593468659329,42.86092719537574,44.26157882817169,33.2844137026041,47.114554280844125,-61.29700599530823,108.41156027615236,432.95457781213815,2,S7,78335,78590
33.26473939031125,33.26473939031125,35.55448717627817,12.553034360775282,72.50700499418386,12.19969860221341,60.30730639197045,359.47344991789714,40.6630972782169,119.95255954876134,191.5434987746581,187.17752120000875,573.8942696295206,-101.879542626423,675.7738122559437,1466.5870764904869,3,S7,78599,78854
52.88878943526403,52.88878943526403,58.8615713494023,25.835257571641936,116.11012374616584,16.117326001721022,99.9927977444448,548.2132706203399,-73.71455052806175,73.71455052806175,76.91762858175086,21.96557823245288,-16.76179418600801,-105.34136146348769,88.57956727747967,442.3257250806058,3,S7,78727,78982
-150.114959209868,184.88561247607868,196.86156477238404,127.35766449668913,86.70707004217398,-252.393054402246,339.10012444442,719.3232019764641,68.82845318971884,89.11931449182897,94.1288245319968,64.20965378575191,130.7873686363731,-56.9741581116492,187.76152674802228,539.280868513682,1,S7,79109,79364
4.570181941677152,93.44814813303051,115.740895568984,115.65063053926868,84.88302281190585,-253.31875235787595,338.2017751697818,744.8492929273625,-32.86805329977179,63.02405550120075,64.36535339372,55.340670304775166,93.16835891701226,-75.7641430546016,168.93250197161387,515.2807664229622,2,S7,79373,79628
20.91533390828892,23.09190074898426,29.87646640181695,21.3342928676738,68.17767167639668,-11.382865121321052,79.56053679771773,375.2971597685502,80.62015094390361,119.94115657817817,225.37358908962636,210.46055668680992,702.7631986349869,-61.50963695370061,764.2728355886875,1724.8499015241082,3,S7,79637,79892
-11.49394553447019,19.914426422527164,26.10770008837312,23.44144236080772,29.73797503753646,-56.45623183853281,86.19420687606927,332.96921436366534,-30.429873892330196,30.786205363909048,33.20488392304646,13.288607573401736,15.537320430678664,-55.35425246192782,70.89157289260649,455.71898449636393,3,S7,79765,80020
-71.66820331042487,71.70975675913152,79.35986083027493,34.08307710955997,2.3226263928171726,-152.88092326597055,155.20354965878772,722.2714480240774,-68.4123916574907,68.4123916574907,74.09159340510217,28.448354627448587,-5.914672626213223,-102.60068768342136,96.68601505720814,408.1290321769607,1,S7,80146,80401
77.43852989406066,93.90483676042776,100.22420043221015,63.625187151964525,136.74568640588492,-61.72877131794581,198.47445772383077,533.0189986247958,-49.939747166729006,50.83154896612185,55.492372985941714,24.195559768975304,24.49505390029731,-97.01767128445952,121.51272518475682,570.7813304129787,2,S7,80411,80666
108.833960807766,108.833960807766,109.27101185771184,9.763350208911609,131.5991744642317,89.42242534933318,42.17674911489853,405.8128744810373,75.87938544405856,118.4998647072378,226.4027102465337,213.3084763238627,723.1761137838392,-62.92879339627955,786.1049071801187,1819.9619556347172,3,S7,80675,80930
115.20950927212031,115.20950927212031,115.7048225215148,10.69462145250859,147.43503153559055,89.42242534933318,58.01260618625737,484.37608502975286,-18.477675492980502,19.048572115317107,23.10827659100236,13.8768856514124,5.649915479168779,-50.21239101994894,55.86230649911772,472.8354578123675,3,S7,80803,81058
-180.4659058520988,199.6996880388487,222.8866081381144,130.80709809599318,62.48623592654308,-277.7906082395605,340.2768441661036,572.3416586710205,47.917780209671385,53.957116934118886,62.52279647966681,40.16200218384862,121.99469135229046,-24.754417205082245,146.7491085573727,528.8985262709762,1,S7,81184,81439
-59.63179704168685,84.9834551611679,141.658052838839,128.49534122165818,38.175795477168265,-303.5788223183362,341.7546177955045,626.2213233081619,-56.2485112841662,70.8233834921723,75.45622889581676,50.29659488964358,39.24025071905721,-102.20256464189455,141.44281536095176,459.60243120342585,2,S7,81448,81703
52.00862886575564,52.00862886575564,54.73539079595941,17.06064269277353,80.88215442343471,13.59619518012266,67.28595924331205,520.4558269356928,84.08218334541655,147.23734582271675,259.2540173322576,245.24035546129488,762.8646921603123,-92.57617339751124,855.4408655578236,1860.66215270751,3,S7,81712,81967
71.6083048549946,71.6083048549946,72.69917323464097,12.546731239430288,101.05141067242906,36.7593564017675,64.29205427066157,408.62915641923775,0.3051450173365353,50.73319235083295,93.04417839979186,93.04367802602545,483.37898557528166,-54.31038495490501,537.6893705301867,813.5378463835505,3,S7,81840,82095
78.22739717186593,78.22739717186593,79.23938011518969,12.623537252080355,101.9169485885009,42.274075082899,59.64287350560191,467.7723977820268,-52.68945643087004,52.68945643087004,55.55459480686096,17.61062705226447,-26.64148407450101,-82.71254770302554,56.07106362852452,413.91333967304433,3,S7,81968,82223
38.32582547408151,127.42401620193668,135.59361775442736,130.06444663113746,158.04942803340325,-207.3764354294661,365.4258634628694,699.3704225477397,-53.44342553606144,53.682742241163545,59.53474648768766,26.23330528783391,4.255574876733242,-83.37380392297877,87.62937879971201,476.35737658778015,2,S7,82486,82741
102.827240023562,102.827240023562,104.63925561738051,19.388979480526192,138.6972597591387,59.04675671999157,79.65050303914711,577.7324944345323,106.6819404183064,170.92585265422025,271.81795157581166,250.00792464931035,632.7769447442486,-81.15392936087558,713.9308741051242,1735.633250727603,3,S7,82750,83005
75.22399728803565,75.22399728803565,79.73692039102892,26.44478597861757,137.2381368978028,36.822365232123154,100.41577166567964,487.5657034821521,-9.790600970326931,34.44645708859006,58.11233294718137,57.28164953284686,343.38976615448087,-60.17520116167445,403.5649673161553,781.5455815620476,3,S7,82878,83133
47.45358896936619,47.45358896936619,49.27579565890662,13.276329754294585,91.59179942135246,19.18759116602814,72.40420825532432,435.2896388165293,-4.522727362373496,9.08845113688914,12.270130883109871,11.406184686137811,16.54391681308734,-32.071820250918805,48.61573706400614,431.1400318248421,3,S7,83006,83261
-212.07061107914683,221.07572497821957,245.7289267814354,124.1320320210432,43.34131900766136,-312.49185215374257,355.8331711614039,714.8133240368284,-12.675993445232828,13.479101289951528,16.48885372116099,10.545211577500895,11.386630490025974,-40.164346290949176,51.55097678097515,297.2559352962971,1,S7,83281,83536
42.525687054096814,42.525687054096814,43.98499722899389,11.235921048655667,74.40387271712187,18.209281717930967,56.19459099919091,373.31968984892166,78.4447552404632,125.78047244356006,233.82312640471432,220.27182029696584,715.7225578517903,-64.62288890653282,780.3454467583231,1717.035657868301,3,S7,83788,84043
52.11223749355703,52.11223749355703,53.51524401483391,12.17357980966678,82.79220532431079,18.209281717930967,64.58292360637982,380.9256435656181,-32.21259511507652,41.58925773177001,45.169331592511085,31.66413163922814,133.65940071144917,-64.62288890653282,198.282289617982,544.2094414626214,3,S7,83916,84171
42.68918368765063,43.132044242515605,48.14670388335927,22.26519011627582,82.79220532431079,-9.982150491344507,92.7743558156553,408.94707205537145,-48.994582587695184,48.994582587695184,50.94631097257194,13.966297962291922,-18.940645366982505,-74.23504691237477,55.29440154539226,474.3211802846416,3,S7,84044,84299
89.38513204471087,99.02054681519982,107.15956887182271,59.105595083245,151.49554855578813,-49.83436118842443,201.32990974421256,742.2824349003993,-74.87670543490194,74.87670543490194,81.41567559336768,31.968597334562745,-32.05986117174803,-142.8599622660197,110.80010109427168,506.4261110490846,1,S7,84321,84576
8.606077629928663,11.534391053953804,15.046215971524523,12.341962683844134,39.47482670156542,-16.659987972204807,56.13481467377022,467.6108688385658,115.18604879210416,115.18604879210416,230.5618180377786,199.72712910505857,751.4657718667179,3.756280407723179,747.7094914589948,1776.9558017076329,3,S7,84829,85084
12.888465339823698,15.219534558413232,18.368544243935805,13.087814134743446,36.4178087266999,-16.659987972204807,53.07779669890471,484.1833162230242,14.946921070403796,17.950051691035956,23.85817998367368,18.595760340692888,75.5723930918119,-21.73010092164855,97.30249401346046,530.7742455876619,3,S7,84957,85212
19.527294490700797,19.98215827683597,21.857294701206424,9.81967929867533,36.466423360907015,-10.645838386644671,47.112261747551685,419.5777412290735,-0.0645001076772868,8.280565958907907,10.262210294463015,10.262007594223087,30.25700761763008,-21.73010092164855,51.98710853927862,495.5523888679384,3,S7,85085,85340
-202.59800595411636,212.36414926944403,241.2206546153469,130.925368804034,39.60010169171911,-320.2882538612943,359.8883555530134,715.9157317565205,-50.07255916643636,50.25365056663509,56.62845305012887,26.448450112896605,6.692588382914613,-84.5812816535314,91.273870036446,427.93898891043966,1,S7,85359,85614
-10.25736593990964,114.03732880127976,142.0759536412089,141.70519767119953,131.06981105639332,-282.39289860647995,413.4627096628733,811.2393999632989,-16.080927329645732,26.33797290716175,40.38956447671263,37.05024554354775,28.59144537367137,-95.10191158895306,123.69335696262442,528.4892405149833,2,S7,85623,85878
42.93963741789858,42.988698733214335,49.7969872174029,25.217602470290306,93.92682891589686,-2.5664772651963013,96.49330618109316,469.0358312467963,67.86841694085442,108.0172645046386,210.6029057566791,199.36765508752663,708.2901497850773,-66.34158160887134,774.6317313939487,1737.7253057590192,3,S7,85892,86147
22.61290974131113,22.95702772422247,26.0278593837575,12.888203021832386,45.72290866766741,-8.666084358646357,54.38899302631377,542.0100418548484,-32.21756288079817,33.56031817788883,39.15125276136267,22.24520700748644,13.37464465975747,-67.8957221150346,81.27036677479207,508.89686495258127,3,S7,86020,86275
75.1803274305326,75.1803274305326,81.60391286986652,31.735106161956907,122.909708280779,0.6451759753522232,122.26453230542675,493.29815723299,-0.8548245176110649,9.34037625242727,11.697741432936292,11.666466032004957,30.48458015566396,-23.41712129992282,53.901701455586775,457.2245361174814,1,S7,86402,86657
28.37729105659821,29.771138530002563,39.50016515937906,27.477125029874102,87.61345186282516,-12.957301329164842,100.57075319199,520.2589517065328,-40.78731263684227,40.78731263684227,43.56591529291124,15.309608197912992,-7.7945038663452495,-68.29959128821193,60.50508742186668,336.70957959509616,2,S7,86666,86921
11.922875876758276,13.634610734232048,17.271662390220534,12.496213528472298,43.0820230196554,-15.034868955914622,58.11689197557001,421.5491017415393,42.69383006450057,148.51633367130572,233.39313809524236,229.4549929384157,713.6174521848686,-111.26298134135902,824.8804335262276,1866.0832215136925,3,S7,86931,87186
17.457348311893846,18.894093910631845,21.978816214463667,13.353252491673636,46.98103499117019,-15.034868955914622,62.01590394708481,362.92334891886105,-80.17575471966055,80.84122746138436,83.45626543414437,23.16887125751257,17.193258845752297,-111.26298134135902,128.45624018711132,466.89839812601554,3,S7,87059,87314
-127.19804100500596,153.70577461684238,164.77023231016904,104.73723225308127,71.50986083411193,-222.83130892841672,294.34116976252864,648.9221604805023,65.11076361548925,92.63706751656768,95.45552696683632,69.80219258679699,133.31783548162912,-84.7424125247064,218.0602480063355,553.0312685782887,1,S7,87441,87696
-43.80367694405858,82.61579203537349,117.20590249068589,108.71274748085764,69.66445545285707,-241.4901555808086,311.1546110336657,744.4808438969786,-0.5692074765304032,50.97573872074016,57.89725436453689,57.89445626137746,105.7627149683054,-65.03480333210872,170.79751830041414,539.2549212199128,2,S7,87705,87960
12.756394004150003,14.201638409027291,16.88714318055592,11.065713569918666,36.177920354615104,-12.035090082477131,48.21301043709224,421.27705791979054,64.84583947764146,96.785149001438,199.913566498994,189.1043393811672,691.8900873415142,-36.648516437727935,728.5386037792422,1689.7251967011744,3,S7,87969,88224
7.860533416652475,11.150941618350334,13.45371063145964,10.918532143138105,37.67266977445558,-16.99367233269949,54.66634210715507,466.14098363664937,-26.52479548806015,33.74213344037575,36.93460340609629,25.70214296672952,87.91101803060333,-60.94203416876293,148.85305219936626,428.2411866244274,3,S7,88097,88352
107.85979229031015,107.86336739569695,121.28521351083803,55.4650180155088,176.5279571621894,-0.3965690616944617,176.92452622388387,626.9164869660494,-58.70936269836896,58.70936269836896,60.68221245492588,15.347365896991075,-28.666463671387977,-93.01521662495531,64.34875295356736,408.4163637152759,1,S7,88479,88734
19.701366632721427,27.777557301569782,45.33291698076948,40.8280481383623,135.04282984446007,-34.45530468447742,169.4981345289375,544.9301545773241,-29.319532537623203,29.34342334728746,33.34511532120143,15.882749370290918,2.050648822155001,-78.96333576812599,81.01398459028098,465.8372941053183,2,S7,88743,88998
-50.57987572590872,50.57987572590872,52.23453351573147,13.043107879554755,-27.390682088329413,-84.56210381960217,57.17142173127276,361.7879183087063,70.65734044910401,131.80096898947374,240.5323922533236,229.9203600461824,753.6865269865549,-68.29748288280986,821.9840098693647,1815.7216236669829,3,S7,89007,89262
-57.85020348397886,57.85020348397886,59.72878410203619,14.862086232083676,-27.390682088329413,-95.60032301596122,68.20964092763181,445.7189596378207,-43.19144112717003,43.19144112717003,43.98147875940229,8.298788298418037,-23.507984625152115,-68.29748288280986,44.78949825765774,370.7821354170959,3,S7,89135,89390
2.451032690644169,25.166778877923768,29.81744033005264,29.716530527395744,58.22915705768097,-47.8498677493803,106.07902480706127,515.3999972389695,59.24785191726335,85.42029111084567,88.21050276816938,65.35124208309475,134.89276570480638,-67.79830017331764,202.691065878124,556.2533141258778,1,S7,89518,89773
48.75969412897285,48.75969412897285,49.58043738033805,8.983985712067506,69.23700326251247,28.31680352405519,40.920199738457285,337.97178270120406,-50.09427839455536,84.96993920511082,87.43512428170226,71.66215340251439,95.82468493394096,-121.01340936402106,216.838094297962,569.9937643680536,2,S7,89784,90039
14.940622173869349,18.400587942902057,23.24612724769766,17.808993263905606,46.96861438560065,-16.427713758506073,63.396328144106725,522.4273705149018,32.325335196599774,116.16423329554436,200.6386218654549,198.0174974301424,680.3692325281527,-80.69990047949398,761.0691330076467,1730.2431154991764,3,S7,90048,90303
8.754262809092639,12.279537414640703,14.86023935596384,12.007897250804325,41.24591149907024,-16.427713758506073,57.67362525757631,435.9953957409981,-37.920701891451934,38.03250980791968,41.28304900147612,16.319022731705225,4.211508475380576,-66.6783714928377,70.88987996821828,391.03045105555486,3,S7,90176,90431
-107.10781195384725,107.10781195384725,121.7377151888734,57.86180016095732,-3.885665075490216,-192.4627792980089,188.5771142225187,635.8138126021445,11.863351638676177,38.02631456635068,40.811072411117856,39.048745424694815,81.11942660333658,-55.38435940849204,136.50378601182862,509.4546738048288,1,S7,90558,90813
5.304480950230444,46.59119358532986,56.01974749334076,55.768042740141965,64.54372165089607,-130.73300797166738,195.27672962256344,640.8847307666648,-17.46759168145974,33.65205000486923,35.20298016423376,30.563590320726945,58.45357720890066,-53.94388314461517,112.39746035351584,557.9246805233404,2,S7,90822,91077
33.08707123796424,33.08707123796424,34.54861158781648,9.942448367463973,55.03800477122615,12.32961291572663,42.70839185549952,416.1886783123402,80.81286956334992,101.40578875744109,208.47285960285265,192.17235312064977,656.2678827338893,-36.26256212471964,692.530444858609,1618.542311786788,3,S7,91086,91341
15.25978897382942,22.04522627992538,25.208618907082982,20.06522633006505,50.787663925753286,-28.413749202598144,79.20141312835143,476.1725735039714,-23.412170299208416,23.412170299208416,26.51735043230443,12.45151219051322,-3.123059464371742,-58.29913362111813,55.17607415674639,474.42515922502594,3,S7,91214,91469
-17.49640601839593,26.29754281466611,30.117079950890396,24.513553010687023,46.73556150360344,-56.20953244152271,102.94509394512616,387.8658639336661,-29.910668656673533,29.910668656673533,31.65589448466007,10.365691300372564,-7.810628717481736,-58.29913362111813,50.4885049036364,527.942945664972,3,S7,91342,91597
-9.502287667314851,84.72685577007655,95.39411933781756,94.91967411093115,176.74578668180672,-86.30179403025234,263.0475807120591,626.2968915357237,-32.76380267089753,32.84917827042685,43.792166200653774,29.05661809447497,4.041100185552868,-102.08002133521994,106.1211215207728,504.8938290008126,2,S7,91860,92115
-72.53117952054153,72.53117952054153,74.31240876685109,16.172881440564122,-24.78236091888885,-101.548440938544,76.76608001965513,422.3465655605509,106.99933968946914,117.47258656310072,240.4724198433616,215.35581257848503,722.6158605578275,-37.70720974659538,760.3230703044229,1717.3373193843142,3,S7,92124,92379
-70.6683501166847,70.6683501166847,71.75463004046846,12.438296669165164,-46.10968734396447,-97.52417557665112,51.414488232686665,394.6285215267054,-0.1910896220127895,8.062725584273267,13.034080458245604,13.032679622716849,69.4555125040596,-18.82124403648017,88.27675654053976,435.3834464970597,3,S7,92252,92507
-68.22631739639479,68.22631739639479,69.02069345044137,10.441539106194776,-46.10968734396447,-96.20903966992384,50.09935232595937,404.9208126723397,-7.5611898953619,8.322150345147985,10.093068348272055,6.685688898622812,7.146533899763003,-25.8372348828702,32.983768782633206,394.7938376685943,3,S7,92380,92635
88.46072957612753,129.79845110014583,132.59307465062352,98.77055618029624,169.7960813291681,-118.9327333232722,288.7288146524403,861.3455272092159,-36.90202572922938,38.6639180803065,44.34196553746756,24.585573103046706,17.942482022915318,-79.75720438810424,97.69968641101956,440.7582096760856,1,S7,92654,92909
-46.64366828001568,46.64366828001568,51.15726571574863,21.01033186067204,-0.9571951434768272,-79.89083643523925,78.93364129176243,469.4143875513119,75.93516694592665,116.1111455647787,231.54285293663148,218.7371554330192,747.1705323730727,-50.65974760952327,797.8302799825959,1804.9937060676232,3,S7,93161,93416
-72.24899843998666,72.24899843998666,73.86364015900713,15.359673237347758,-23.872862942063197,-102.51327436345294,78.64041142138974,515.8473561405204,-29.75171731927437,29.75171731927437,31.24242520070255,9.535431242239822,-6.62192698781303,-50.65974760952327,44.03782062171024,380.6961904856241,3,S7,93289,93544
-82.23118944361917,82.23118944361917,82.99605920218954,11.241767022179593,-52.02828651922845,-102.51327436345294,50.48498784422448,456.5859363597983,-23.146238023475703,23.146238023475703,24.708499968227283,8.646481136305978,-7.280242241725199,-42.31444346978878,35.03420122806358,361.0320538383976,3,S7,93417,93672
172.22082739542483,209.5750227704973,220.645322556953,137.92876776618112,282.37781409373423,-112.90539339836236,395.2832074920966,967.1982639583176,-5.6277621379610645,10.179989474872473,13.11898792976556,11.850575413028112,21.68814847027731,-39.06413453660918,60.752283006886486,462.34779593095647,1,S7,93691,93946
-10.927904017494187,61.56727354843936,88.45325016113496,87.77561379935065,272.7164837613111,-68.03026373545632,340.7467474967674,699.2163516331244,-6.619893080565892,9.99387271373417,12.211799681135387,10.26182571738841,18.094682904053453,-30.79854226467017,48.893225168723625,481.5258858202496,2,S7,93956,94211
-2.8029592161179817,21.141409693320885,26.05219901525322,25.90097475314665,54.66232071559259,-48.643082167894335,103.30540288348692,426.5987723426727,110.69859484068346,128.96115744219694,263.83165944207514,239.4847920521412,817.8224185426216,-31.93081296902308,849.7532315116447,1925.507083816619,3,S7,94220,94475
34.75531618357189,37.991025215522754,44.005528271705074,26.9917490254296,89.34290350809816,-18.73440166556562,108.07730517366376,439.2674909521821,-26.1410974202122,26.173389678535173,29.046286707827797,12.662140308032782,1.8202013656270015,-59.85744963062773,61.67765099625473,495.34025260765554,3,S7,94348,94603
-152.708070720157,213.1220215366921,225.4387054527544,165.83984760346738,137.79790036119215,-301.16622831265033,438.9641286738425,923.5397583835831,-124.6248277528439,124.6248277528439,133.56421361434576,48.04218423419751,-39.30656015594537,-171.58345155187467,132.2768913959293,493.2558669648277,1,S7,94731,94986
-70.46354352809061,80.56169986780391,149.0958971626662,131.3943514166618,27.47523295969863,-322.97630205385946,350.4515350135581,634.4722603466646,-85.38807955028275,85.38807955028275,95.09517761087676,41.85652488631588,-19.389237291154128,-172.4614712261052,153.07223393495107,583.1448265791553,2,S7,94996,95251
32.403572872447626,32.403572872447626,34.20854482643916,10.96508113250758,60.08909153157839,3.1091756077321007,56.97991592384629,356.1947668161606,244.27783717940807,302.64877752863424,462.1225541541157,392.28254271745794,948.7209219067096,-79.47600574937691,1028.1969276560865,2229.6910209212697,3,S7,95259,95514
26.04501686810626,26.04501686810626,28.16067030602351,10.708895761217144,50.9447264752732,5.301962914479831,45.64276356079337,442.10414705344607,25.86349827043881,119.75737590345926,217.15055928797744,215.6048349557505,930.444365715756,-88.20461340217014,1018.648979117926,1309.5334625397118,3,S7,95387,95642
98.14629992390964,98.14629992390964,103.77910520322206,33.72545756587156,142.76235412448358,32.217275307216504,110.54507881726708,440.7448478239008,11.730792302056017,48.82961917629357,52.530046622436686,51.20345994287295,71.19863470548968,-89.65072651847541,160.8493612239651,562.7078994763323,1,S7,95770,96025
38.50084586075301,44.45594581994448,69.84745880974046,58.278232387272425,148.53491363968277,-21.776196232982304,170.31110987266507,411.77968382633793,-32.248363979420304,51.48460116006483,52.89171769538919,41.92346385283035,50.97174913345131,-72.77572655297536,123.74747568642668,398.9531533148432,2,S7,96034,96289
7.4760815752748275,14.130326598890203,17.653151580081378,15.991934372963328,40.39572248166687,-28.347298265128163,68.74302074679503,359.6842252343078,56.45231692668872,97.58182487659109,202.5077795950553,194.48017048050983,728.2184863999491,-60.97464837664627,789.1931347765955,1758.2911290170402,3,S7,96298,96553
21.78810026753768,21.811626358086095,24.886740889357387,12.026161433547172,44.975402710141445,-1.6846509363160962,46.66005364645754,372.5516371495667,47.09732088809361,53.09753413706769,155.5084028696345,148.20494501948474,728.2184863999491,-21.28076892426233,749.4992553242115,1069.6867724026715,3,S7,96426,96681
-216.244310897321,223.94943291398656,259.51558075356894,143.4807814949616,30.24608305422053,-362.9285187847636,393.1746018389841,710.2586656796091,-47.74436843635184,47.74436843635184,51.58741894472656,19.53809294666763,-10.859609315891005,-79.99269103581518,69.13308171992418,434.0086112204796,1,S7,96807,97062
-0.2689825190945356,128.75369305780998,156.07211356787172,156.0718817787082,123.21566506141266,-325.529068523762,448.7447335851746,837.2708687887609,-34.23510998661946,34.293244599989976,36.54461728639617,12.785393885728917,3.06824106546054,-59.39793974701151,62.46618081247205,561.5946587905139,2,S7,97071,97326
96.22997220154878,96.22997220154878,99.4751114147937,25.20099682700607,162.98294301349148,31.29751790037129,131.6854251131202,757.1081538051021,47.04705433815234,129.92726407442805,223.72294646053487,218.7202127172665,713.3282769642545,-78.26898627184879,791.5972632361033,1878.8450104665892,3,S7,97335,97590
104.507091665834,104.507091665834,106.57678780235334,20.90166236969728,162.98294301349148,31.29751790037129,131.6854251131202,705.322213056129,-56.57476906806375,56.57476906806375,58.358696398654935,14.31897168953269,-26.57742199299859,-82.80137297583593,56.22395098283734,459.6117953884372,3,S7,97463,97718
-113.10822576738856,170.58678485595678,179.05434234903515,138.8055718542989,113.035659548127,-233.84436004454903,346.88001959267604,623.7939834154525,67.54777662266503,90.97486747184168,97.4638138986636,70.26017999555567,150.04131505089612,-59.95220746557669,209.9935225164728,653.996383404398,1,S7,97845,98100
10.267810396085483,102.98376722434948,117.7461014488049,117.29755528595764,108.50087808980236,-217.63999781325077,326.1408759030531,703.192591578621,-42.70493694376068,81.25648064735415,83.21835389950971,71.42536514693829,99.51014770509764,-115.43473592121354,214.9448836263112,563.0613041783471,2,S7,98109,98364
66.61251320135189,66.61251320135189,68.30290510084633,15.101653227873426,96.19647356995353,33.2659573606818,62.93051620927172,398.6009056286515,38.82655302016523,124.5476676392392,218.6443996511366,215.1694036785394,735.2998477491344,-104.29657317152524,839.5964209206596,1938.369484404568,3,S7,98373,98628
54.49589688915784,54.49589688915784,55.93895273050104,12.623931829327471,84.9179727669882,22.128706025171837,62.78926674181636,325.45223139191853,-46.24590974877941,46.24590974877941,46.6794076989716,6.346883852297861,-32.38625956457677,-61.07601308056847,28.689753515991704,428.08567871656703,3,S7,98501,98756
45.68631579285096,45.68631579285096,47.48204143197388,12.93463597568872,70.53376749736164,19.022283654675768,51.51148384268587,382.8347850386142,-34.60650803713871,34.60650803713871,36.24992168060492,10.791034395526896,-6.388258028589402,-50.67571400487177,44.28745597628237,373.5298956991677,3,S7,98629,98884
-1.746839240506702,76.7957269338169,101.171569923839,101.15648824233702,78.83431255736213,-233.1946750093273,312.02898756668947,645.0058025626694,-34.45288460028379,46.53889903215956,48.03343959545576,33.469539316964386,44.13692028310301,-66.53021863667782,110.66713891978084,464.631800973962,2,S7,99146,99401
56.12143832836488,56.12143832836488,57.03110772207541,10.145511715162868,78.51030268612983,32.50770662842161,46.002596057708224,425.3998394524834,83.23782308580631,151.67855543281297,266.6919789626492,253.36944656163683,761.3218631692799,-71.13413197552113,832.455995144801,1865.873754966105,3,S7,99410,99665
52.09210038283928,52.09210038283928,53.30823895305272,11.321723277839068,78.51030268612983,23.258958964365117,55.25134372176472,426.5064037365796,-48.05188710539871,48.61013897309542,50.25167945551552,14.705353913112653,24.047045379830543,-71.13413197552113,95.18117735535168,452.67328538432827,3,S7,99538,99793
35.58146135462836,39.803674568887175,42.8215539310887,23.82530354354853,69.82383378676127,-39.957874469308365,109.78170825606963,480.59286826247103,-44.64552123018,44.64552123018,45.62169301475708,9.387028689541909,-21.11601827733904,-69.42008596427196,48.304067686932925,392.2742914501148,3,S7,99666,99921
-50.54540520674616,67.64388896781642,71.06938396753226,49.96017764190166,53.39007149751264,-104.17699102189717,157.56706251940977,493.5808973795303,-102.33490073197014,102.33490073197014,107.3362305156354,32.382626105420165,-41.08003862429017,-157.50722530277056,116.4271866784804,536.352714688504,1,S7,99940,100195
24.6616676703133,26.594296842018,33.16091360063715,22.168634115523343,67.68615452949608,-9.349240176187752,77.03539470568383,462.94739305222674,175.5569326947728,189.93755304702984,357.5099675449477,311.43721723132666,880.5597896495324,-40.156582819885294,920.7163724694176,2013.8372162586727,3,S7,100448,100703
40.75700918129898,40.75700918129898,42.645024201469184,12.54847766621122,67.68615452949608,16.274387152409087,51.41176737708699,406.5647051467765,47.96025933977285,55.338176274694206,161.8415195050599,154.57196045780233,825.6852783327573,-20.38178008410321,846.0670584168605,1126.2958476026731,3,S7,100576,100831
37.686067423172446,37.686067423172446,39.29025562415976,11.112358399004115,65.3133026958163,16.274387152409087,49.038915543407214,395.53738106966784,-13.71521523146627,15.216029853524324,21.02341803682712,15.933517411599468,11.666963377206828,-53.03787990087087,64.7048432780777,413.8448190365035,3,S7,100704,100959
-93.15187775563358,101.25502527545916,113.88659955814148,65.52011316775918,28.44345879580417,-179.85517885595377,208.29863765175796,524.5248004046693,19.85870395837109,33.05118578999204,37.95414919265404,32.34423160367267,90.7862508497399,-49.33434768356197,140.12059853330186,446.132657065708,1,S7,100978,101233
5.200664944634912,66.857988030485,77.11848262213789,76.94292330081194,75.77482749709709,-151.34965281929226,227.1244803163893,555.4422820652312,-50.292404446000816,55.73369072897701,61.31693741134976,35.07764057839782,27.779358654756912,-87.75147738827181,115.53083604302871,493.7171251216018,2,S7,101242,101497
50.75997745995373,50.75997745995373,53.28415216047691,16.20572614003594,84.54548398817046,22.735804045946185,61.80967994222428,334.34837651179504,7.90497000267267,145.94498760158723,216.1983932071088,216.05382818777463,710.5446070745957,-116.17719297412302,826.7218000487187,1856.1248638314848,3,S7,101507,101762
47.64003903968984,47.64003903968984,51.9533032470066,20.726128402870007,84.54548398817046,12.279095716994922,72.26638827117554,346.6707665884062,-98.74892362176156,98.74892362176156,99.329932687113,10.727796193529318,-72.96070426230075,-125.98416653248997,53.0234622701892,407.7824825015724,3,S7,101635,101890
-45.15640023742894,66.07013690456334,69.13766645880841,52.35376243372169,76.75687545110495,-103.4016129045868,180.15848835569176,477.4348302795118,65.45964920296896,90.05328602172398,92.33265336044404,65.11799446239235,130.37949652741472,-74.58322448147366,204.9627210088884,591.5895995873484,1,S7,102017,102272
0.9029525316394568,42.653548003124016,49.58595774102126,49.57773574720766,58.70881316356376,-90.78862501363626,149.49743817720002,437.8891353149537,-34.00310979540181,72.33055676731283,73.5651423884158,65.23510327170288,84.63758094949588,-99.57877422930258,184.21635517879847,550.1809364487758,2,S7,102281,102536
27.682585836657424,27.912761526465605,32.82641861576721,17.642227765610613,79.44060312361768,-4.979939784742972,84.42054290836064,584.5598270653618,88.5727839123899,144.19854072347135,266.8776383783435,251.7509400506996,808.0566657395691,-65.44193621329978,873.4986019528689,1896.9162490503709,3,S7,102545,102800
27.76520108571945,27.99537677552763,32.31808977802292,16.53942367707875,59.73463561952823,-4.979939784742972,64.7145754042712,446.1775820619098,-38.73587836335864,43.27648470183395,45.69231477109359,24.234672610946934,86.88254941284309,-74.00321828586154,160.88576769870463,438.2613461151485,3,S7,102673,102928
-118.17912785387956,127.80397682653224,144.88439244730182,83.81635230979786,42.91799172303429,-194.31423919427044,237.23223091730472,555.753584344789,-19.88217133685905,20.004047953166868,22.73642524636656,11.029247295957925,4.119298728975891,-43.513910034925566,47.63320876390146,420.0007494406652,1,S7,103054,103309
3.966724454284545,63.292702985363576,73.61186450997941,73.50490931726497,73.24196198593172,-139.34275398812753,212.58471597405924,519.4551625295215,4.222081143361473,7.9655230413856195,9.75093945842763,8.78947388304854,23.67678560409,-15.193243915473705,38.8700295195637,367.44377060294994,2,S7,103318,103573
32.613390153881966,32.613390153881966,34.498595736106154,11.248106082090256,53.80964772987134,8.361649997979843,45.44799773189149,349.1680620700652,90.82947882743608,102.94253962318533,231.4480907508313,212.88077529016425,797.5722368698623,-27.721430007663677,825.293666877526,1844.4178886472064,3,S7,103582,103837
29.355656359031016,29.355656359031016,31.41549201010545,11.188323286689611,51.66363640598029,6.545488332694516,45.118148073285774,375.9498533473184,-11.98879465482535,13.85931809420568,15.458021600698729,9.758034358009793,21.221053197547004,-27.721430007663677,48.94248320521068,394.7713754727495,3,S7,103710,103965
-8.634657980168633,34.35691556222095,40.02445297364538,39.0819589760424,66.8062463669304,-75.67918372815345,142.48543009508384,513.8493531203883,-66.68128899578787,67.9631045948735,80.98771007169482,45.963190495407495,10.77732598807943,-116.08722863933048,126.86455462740992,422.9370868949177,1,S7,104092,104347
-3.0797278729963384,20.782992017843117,25.3275642191407,25.139625802763767,42.92832605090888,-46.96314360531278,89.89146965622166,427.4529142875887,-47.89594572625065,48.206141889094944,59.09506992350224,34.615107572441126,10.507384486743094,-124.33610606848391,134.84349055522702,494.3325811852316,2,S7,104357,104612
27.35879399872965,27.466022640461706,31.23205408128224,15.06444798428448,65.94434530293645,-2.547257429522098,68.49160273245855,534.7134529239422,11.539435443629738,91.8264181594813,151.58447562317497,151.14461511941212,536.9649773933357,-72.59761593935627,609.562593332692,1400.6461304048091,3,S7,104621,104876
31.40478686460461,31.434000976872703,33.460360348121604,11.547080869852184,65.94434530293645,-1.5476766094439938,67.49202191238045,475.98588063627216,-39.620788219735175,40.01322401826474,44.73062065441793,20.76105885970981,20.883156524282448,-72.59761593935627,93.48077246363871,355.3659226008151,3,S7,104749,105004
39.61793847238723,39.61793847238723,41.81343679333599,13.370955376054605,71.87441103454495,12.678512902980287,59.19589813156466,500.42347079436286,-26.58324325909388,26.60857702733692,29.59307333881296,13.003121450797964,1.5725017705915525,-54.67584494875872,56.24834671935027,305.1273376406052,3,S7,104877,105132
-132.2566503187665,157.27344094347194,168.13719237133648,103.818562429728,67.9948058752473,-219.30185740812067,287.29666328336793,745.4728389437969,89.47686266746953,91.33972325674918,102.58928263163956,50.18418035657469,162.09928910629273,-21.73975655029985,183.8390456565926,489.4184642136694,1,S7,105151,105406
65.1383354685269,65.1383354685269,67.68554647231676,18.39376126967515,108.160138745458,28.673507446268687,79.48663129918931,457.22957004840384,39.87467488889838,88.61319325306314,173.23513235555572,168.58357388770582,617.5505334636307,-65.18535361646248,682.7358870800932,1565.9631485128396,3,S7,105659,105914
73.06443340593472,73.06443340593472,75.1159643399631,17.435500273646777,110.00241685804072,33.7751520975604,76.22726476048032,502.47419795088086,-34.66322527748669,34.66322527748669,36.45703579088594,11.294966667509302,-14.557351292757138,-65.18535361646248,50.62800232370534,333.4169845992178,3,S7,105787,106042
44.935126877157394,44.942645407055664,53.333607734714,28.72817583025612,110.00241685804072,-0.9623718269793212,110.96478868502004,416.3584510694299,-30.674308651231883,30.674308651231883,31.39974717005245,6.710507515246347,-15.80650346052608,-45.709571795553,29.90306833502692,325.97501709224423,3,S7,105915,106170
-70.8941110915483,71.00897667826712,76.18720829570925,27.90189456708987,4.525612437149175,-105.0885052568505,109.61411769399967,462.3854771276516,-71.99055442976581,71.99055442976581,76.6844207839781,26.417048735033568,-19.59076077740512,-109.6416248716408,90.05086409423569,404.0310772570072,1,S7,106190,106445
-36.46763515612344,37.08937653301699,52.09848773191269,37.20704247951087,6.87421895146612,-122.83456300146474,129.70878195293088,445.5577474776583,-12.071626376365392,24.285197171822418,32.29428215324514,29.953238496410485,35.45202368107805,-80.33899868340616,115.7910223644842,464.9100738981896,2,S7,106454,106709
-6.678998424815249,10.475052881040735,12.531700241549467,10.603513143546644,17.661678539134623,-28.15006709996172,45.81174563909634,366.6067455475419,87.8144669981223,88.53001786764014,195.4513147996196,174.6133896433366,685.6396656770135,-5.854432627203664,691.4940983042171,1556.8437695865289,3,S7,106718,106973
-19.297021645528844,21.525090104495696,25.95891401001733,17.363472354096267,17.661678539134623,-51.1366418120474,68.79832035118203,399.2508324484024,3.5854647782062363,5.601585670455686,7.20254342649907,6.246685051677207,18.886806070244862,-10.815779342800116,29.70258541304498,348.2482643187234,3,S7,106846,107101
185.5632277838928,198.93622685709704,218.74949943286668,115.83450261710834,277.1206627005146,-45.02030920203588,322.14097190255046,704.0022964640027,-102.25520649864043,104.55132053877628,117.6627114399454,58.20984802694695,15.62207697445648,-168.1383022581102,183.7603792325667,453.82259782889344,1,S7,107227,107482
-3.0438302506999086,94.59271736901552,114.45664093972312,114.4161603647388,238.45811013169956,-86.53048694690496,324.98859707860447,755.2673789544657,-33.779681506525456,36.89664813397423,68.5765275583481,59.67975577428732,24.07265084165694,-162.85937915858256,186.9320300002395,484.8678927575528,2,S7,107491,107746
-53.72390555291089,53.72390555291089,55.48371340733056,13.86305974915719,-24.75022852976233,-87.42157984582656,62.67135131606422,467.3923135839688,105.53537442914076,106.91894635389842,236.6123484179728,211.7727276302811,773.3778399795882,-12.939386022747076,786.3172260023352,1770.0162898566175,3,S7,107755,108010
-54.248619678412695,54.248619678412695,55.98067023088954,13.817478152200454,-20.395020152632224,-87.42157984582656,67.02655969319433,491.0734829887757,2.9136116387125366,10.058608955269795,12.21234186890034,11.85968638462481,29.95321944770004,-27.680617777822665,57.633837225522704,370.5190941687444,3,S7,107883,108138
-16.871909900935854,17.853472012641245,21.68089189327509,13.616156931476082,10.953009208868677,-56.78904139458737,67.74205060345605,414.6758512547885,20.90128070736283,32.053820140634684,33.65405469324244,26.376729556330066,68.54647667109667,-28.928037378938114,97.47451405003478,347.7654619354794,1,S7,108265,108520
-26.40891169130748,26.856807249880752,29.85904004587785,13.933113641324406,6.277401203994797,-59.2984881339636,65.57588933795839,473.091619314765,-9.796649715846344,29.36239531873949,32.74845746039374,31.24879390280889,52.75067903374361,-58.89772707053701,111.6484061042806,373.9261248891583,2,S7,108529,108784
-30.16985522939404,30.7488897467578,34.10095487452416,15.89512374257395,17.55293454732726,-66.23322756961488,83.78616211694214,449.7286330625904,55.14726542051941,102.81562170878496,195.71764603651803,187.7875823549431,654.3771091667863,-53.97093803975201,708.3480472065384,1585.0726697879547,3,S7,108793,109048
-47.00200721166654,47.00200721166654,50.16193875460949,17.52231199629891,-1.7807495690471675,-81.18957156434703,79.40882199529986,390.72672237038273,-36.11984583122934,36.11984583122934,37.54882195756855,10.260154361870326,-12.776425162547064,-59.137598914090624,46.36117375154356,354.6809922629832,3,S7,108921,109176
154.82675630169047,189.4023973419344,205.99512668246615,135.87739970290218,273.3114954448979,-73.84216217443385,347.15365761933174,673.0236946126361,-85.2841894458551,85.2841894458551,91.28414517197515,32.548459108562035,-23.793708579093384,-126.23107966090323,102.43737108180986,367.3757069178384,1,S7,109303,109558
42.03300322351589,62.4449477183955,109.86704322294725,101.5085899151636,264.8233728837311,-39.11465165975054,303.9380245434817,709.3279037446323,-35.53697367726147,35.53697367726147,50.70622189382208,36.16966188129418,-5.888482851338561,-120.41643790796915,114.5279550566306,359.8904450121991,2,S7,109566,109821
35.278284862331766,35.65759232245348,45.91355921173848,29.38532859544008,96.7139343401322,-7.386525987022126,104.10046032715432,540.312355860429,94.72240874258472,103.72568131944628,225.554365598558,204.7008478794621,722.9803829434134,-25.254511261311016,748.2348942047244,1672.0533416109097,3,S7,109830,110085
62.07114613665216,62.07114613665216,65.6874928616636,21.494639697689195,96.7139343401322,9.033363525575606,87.68057081455659,444.0124811976965,-0.2015067686364946,7.754825156069005,9.594564908619995,9.592448634624835,27.70079213090413,-15.426822759587008,43.12761489049114,314.05266771720545,3,S7,109958,110213
58.61233717431806,58.61233717431806,61.49806049958764,18.61734073854249,96.5193725952544,8.01348509405506,88.50588750119934,368.69426465979393,-5.993219063993683,7.1785450898644765,8.847712587912898,6.508712875008011,13.919814655392946,-27.96907364644331,41.88888830183625,315.44847006890234,3,S7,110086,110341
-72.69191513136943,73.0135832816573,129.80175142235169,107.53780798790608,8.27965558854538,-291.8172473906032,300.0969029791486,571.6304713284837,-0.5417295629279788,8.446154706631477,10.720802222398769,10.707106489264044,38.18042538763569,-17.719124338717265,55.89954972635295,324.7923226428046,2,S7,110604,110859
-32.73372334351827,32.79183348045673,35.2546935421602,13.091859028481736,2.3934074076075147,-58.27945075363527,60.67285816124278,607.6591975558217,77.51609745734869,99.31554972782196,209.10336568314344,194.2047171800964,687.7131046758816,-33.54694845124938,721.260053127131,1621.1870023137185,3,S7,110868,111123
-38.896823209005206,38.896823209005206,40.08767817217097,9.698406337277635,-13.37749026327924,-58.27945075363527,44.901960490356025,461.5250312323617,-25.968623137554847,25.968623137554847,28.030515598652585,10.551796864323956,-0.1527030551508876,-43.7626673958323,43.609964340681415,356.31565293683195,3,S7,110996,111251
-36.12874416231188,36.22283597841451,39.09793048831335,14.945300723745872,4.222594568018148,-68.57552099357223,72.79811556159038,453.5051546711227,-36.29780211870815,36.29780211870815,36.9957326441401,7.152188142645502,-19.42320940518659,-56.11113085496936,36.68792144978277,326.0367816661516,3,S7,111124,111379
231.1728038420768,243.9235997459392,266.20576387816806,132.00243742352507,326.82212010793234,-79.54290864515345,406.36502875308577,853.4301138878761,-42.767563576973046,42.767563576973046,44.43356012477921,12.053081392404929,-13.636861091637464,-67.74781890302191,54.110957811384445,360.02089209186727,1,S7,111398,111653
-2.4055223903106318,21.055453320793564,24.12340503100658,24.003169214078955,39.38621650739087,-53.8986596104486,93.28487611783947,396.8987401687516,52.241272388014906,92.86719001779404,184.19302787850071,176.6293321572931,640.6949620957474,-48.18614879379335,688.8811108895408,1561.5091979681445,3,S7,111906,112161
17.621429107799695,18.051349868625824,20.215677991286984,9.907515977589672,39.38621650739087,-6.582027975007305,45.96824448239818,384.124945676782,-32.98397914822422,32.98397914822422,34.39676276824803,9.75676219268685,-9.810392094471824,-54.88327288917975,45.07288079470793,348.4013486070665,3,S7,112034,112289
15.37999390589178,15.58459952177515,17.78527671750412,8.931509131883923,35.483220904466314,-4.985353786194641,40.46857469066096,408.0742700125881,-35.56542665744992,35.56542665744992,36.53148330108812,8.345639511219678,-17.482775610949368,-54.88327288917975,37.40049727823038,338.8335955369024,3,S7,112162,112417
-189.67720141640964,201.16205662268743,226.5412561372303,123.8688822710246,37.69292565066704,-291.4975509679173,329.19047661858434,721.3036840413572,9.994504050888915,22.08830703777982,24.093770600374263,21.92303971898569,38.46938397051981,-31.882193312080357,70.35157728260016,307.78401060059355,1,S7,112436,112691
51.42879799089526,51.42879799089526,53.88488370118708,16.082892423384067,83.22588339949071,21.32087703761303,61.90500636187768,481.2804835552877,81.23259439044442,95.85818744819942,201.51000643380328,184.4113562163376,655.3467578482284,-28.840207979210263,684.1869658274387,1510.507075354861,3,S7,112944,113199
76.70678749869845,76.70678749869845,79.04938594692825,19.10167977471973,119.43412449956202,40.231227310910526,79.20289718865149,551.7194925004713,-1.331315487936008,8.603837602568772,10.77908539111735,10.696554629439389,20.337040639508373,-28.840207979210263,49.17724861871864,314.8588694127596,3,S7,113072,113327
86.84359594395677,86.84359594395677,88.267220597022,15.78898589036418,119.43412449956202,55.984851092152624,63.44927340740939,583.7497763377011,8.032920064884884,8.747959306364102,10.607944887550172,6.928253024281926,27.698282847363032,-6.357258218794842,34.05554106615787,354.18076161926103,3,S7,113200,113455
-29.63673779130872,59.92274516767485,61.49723007523087,53.8848130739552,71.04287212624904,-96.10948528179884,167.15235740804786,459.3150341997906,-104.47138855557247,104.47138855557247,116.10297823106409,50.65205353579989,-5.386226633261832,-151.64605638597362,146.2598297527118,461.2845246753214,1,S7,113474,113729
8.956380965204646,22.37963407641016,26.18250568880987,24.602984456172813,44.70503803377236,-52.00452182306188,96.70955985683425,516.0045336893347,-29.94149229167496,30.05708204167935,47.95082810255262,37.453824304977445,4.086867145716607,-152.59563775420173,156.68250489991834,424.4736893671302,2,S7,113738,113993
2.5736920706309814,23.125842704745864,27.358689056493592,27.23736360251252,62.99114541220005,-38.49138793190471,101.48253334410477,463.0678562574517,94.067708352596,94.93208683987513,194.23168204036455,169.93296488180337,648.8392301484487,-7.938221401859272,656.777451550308,1460.522874413438,3,S7,114002,114257
-29.369354354674623,30.330558513436745,33.08557234386287,15.2347012478269,11.085475662146523,-51.2032094119362,62.28868507408272,349.1448719203179,12.866051105522462,13.595089802719093,16.07782728981288,9.641641940620698,30.651643927839796,-6.534654128349609,37.1862980561894,305.9677365124387,3,S7,114130,114385
96.59992420265976,114.3583044317364,124.35538757260488,78.31166619586868,159.7557207523858,-67.83633887219901,227.5920596245848,557.9386033743165,-55.52854358103359,63.57337447472906,70.59418961431338,43.59037112793242,28.939045622069514,-110.99972890301892,139.93877452508843,438.8221466965206,1,S7,114512,114767
-33.18117603466137,81.74568471108286,86.96480745014158,80.38586499999246,158.7501746658102,-98.2613097206551,257.0114843864653,574.5501441887468,-6.04798637397157,25.902435485339417,37.50184118489499,37.010943693417765,75.06922722535401,-85.84779726481241,160.91702449016643,464.9795905709353,2,S7,114776,115031
-41.0871533964598,41.0871533964598,43.779911568901134,15.11709240418228,-10.864869129495398,-67.01051887185193,56.14564974235653,379.5629509045249,80.40825920861465,94.78266785628652,200.52000980279007,183.69209613467655,680.912736146157,-29.878706442801004,710.791442588958,1600.003514674621,3,S7,115040,115295
-25.19123255611029,25.19123255611029,27.01388147774701,9.754567893952654,-1.4916926537296082,-50.31417840865532,48.82248575492572,393.17859161744695,-2.180983462854367,9.315605137895862,11.66463307958238,11.458925604787009,22.224693222126486,-25.92274329022392,48.14743651235041,374.5479361465516,3,S7,115168,115423
16.312238859061452,36.509312423009945,37.618225645408366,33.89751855392641,50.53368191514375,-56.021420395872255,106.555102311016,387.7342299170053,-80.65790436336673,80.65790436336673,88.23564908173027,35.77474294225239,-5.513861828010761,-112.0965220011784,106.58266017316762,349.9041472148828,1,S7,115550,115805
8.587274884069977,21.911540275637773,25.980355792494795,24.52014676077692,47.6307949043119,-59.67252872299714,107.30332362730904,686.2519403876292,-19.71508594784484,24.597188357085717,41.96663293319829,37.04745154283753,24.72390321020117,-116.53774203978958,141.26164524999075,457.8215649122487,2,S7,115814,116069
12.235493618248212,16.613251532930203,19.96708118374641,15.779005891250792,40.94622596215618,-31.93394296114862,72.8801689233048,452.08746084597146,86.3159339851402,88.81302823889992,196.41360763280164,176.43090659973686,669.7602351482863,-12.921811711387912,682.6820468596742,1579.933114419454,3,S7,116078,116333
0.4263013990931212,10.950367927938895,13.401279958834689,13.394497812616772,23.766517129118743,-31.93394296114862,55.70046009026737,513.8638975226626,7.7033828773428255,9.65988373128047,12.125260609405531,9.363751229665532,27.96413840618991,-12.921811711387912,40.88595011757782,368.7596434795018,3,S7,116206,116461
-20.11066631007495,20.83739518753492,24.736844038108817,14.40390757851966,7.6666137914869665,-45.56029251255842,53.226906304045386,353.0437080161064,13.70723481280512,16.81196039235078,23.39014031920089,18.952846169864056,66.6148990588207,-13.65310147455968,80.26800053338037,353.4352343506655,1,S7,116588,116843
-0.1547129698938363,22.789716659020637,26.44402736122001,26.44357477683188,38.65196044400217,-54.77037664338972,93.4223370873919,343.63077212956983,-59.66270530114276,59.70105131677956,65.8038651776575,27.758066727859813,2.292171393779446,-91.4550924716244,93.74726386540384,414.88891389759146,2,S7,116852,117107
39.48949620196892,39.49239933955956,43.88342050561799,19.1398611538218,64.95262526007944,-0.3716016116021214,65.32422687168156,450.8298027734127,4.5767980465741545,107.39211525632032,164.84406159927676,164.78051330235326,566.5959158565117,-95.36550705830628,661.9614229148181,1537.8686193249732,3,S7,117117,117372
11.672243611539823,21.811302065824783,26.103511232700768,23.348490909448586,60.94542886731804,-30.044423567836983,90.98985243515504,467.6554053515984,-58.368011529177664,58.368011529177664,58.96961291403564,8.401813932775598,-37.62217774881477,-79.53280517752832,41.91062742871355,411.0897153709917,3,S7,117245,117500
-8.389960010984122,16.611917327199222,19.35555600663707,17.442652302334974,36.435826524027,-37.99319653284291,74.42902305686991,442.0968107743915,-54.25789852967951,54.25789852967951,54.77582958824613,7.514782380320949,-37.62217774881477,-69.83613911841968,32.21396136960492,397.6386829082593,3,S7,117373,117628
13.28427879130614,57.34858258845176,63.34451751802013,61.93590103151494,74.81049956649719,-121.00746920548956,195.8179687719868,498.9191788522473,8.386226243350045,52.62910984084064,68.26132544326636,67.74422307966097,154.71850844317748,-43.76111008825147,198.47961853142897,435.9719627077639,2,S7,117891,118146
62.53431827474935,62.53431827474935,65.41997797221609,19.21542494449676,87.32630231351769,10.418172954199022,76.90812935931866,353.6132325570742,41.91095253611796,79.36762453775677,156.70746990141294,150.9990171505017,556.4189223520102,-35.802769675739455,592.2216920277497,1365.2699272232874,3,S7,118155,118410
46.74516884301118,46.74516884301118,50.14850598415565,18.159345866007165,87.32630231351769,10.418172954199022,76.90812935931866,358.9536449024107,-28.71095626613389,28.71095626613389,29.039893816586225,4.358488632857689,-16.08374088781053,-36.74888209176526,20.66514120395473,290.8470048739906,3,S7,118283,118538
52.5149460508634,52.5149460508634,55.11090306759082,16.715025521975644,84.31255510594625,21.35987157070073,62.95268353524552,338.59037287567395,-24.6045595942907,24.6045595942907,25.627241429998936,7.167367053699099,-9.652663253917604,-38.66109038402967,29.008427130112068,255.8100177802505,3,S7,118411,118666
-140.20758301995647,174.60962919141514,182.90689815224505,117.45964011258404,93.66252466785798,-222.35786449569108,316.02038916354905,683.6397982264499,-20.06301491210401,20.54048954988503,23.65958300117584,12.539988055266267,7.593745593923705,-40.48465205818962,48.07839765211333,305.8894631212805,1,S7,118685,118940
44.48999723371806,45.17471656108034,48.37503453823075,18.994317906120685,78.76484845869432,-17.689323933230497,96.4541723919248,563.7761415996245,39.69611386209876,95.631878331851,176.8827594862147,172.37090574602595,620.2974566318801,-58.16017733476101,678.4576339666411,1571.4759515699989,3,S7,119192,119447
52.60205284718192,52.60205284718192,54.49294543550505,14.230430018070804,78.76484845869432,9.245852509828858,69.51899594886547,547.4117230534996,-37.730380360954726,37.730380360954726,39.8549002293422,12.838670885590258,-7.894066921593487,-58.16017733476101,50.26611041316752,343.87123219978326,3,S7,119320,119575
57.54253335902246,57.54253335902246,59.503804925373466,15.1512261953509,80.41672588445861,9.245852509828858,71.17087337462976,511.6022820961339,-25.972834826466723,26.143800601304303,30.729593576712904,16.42314745921233,6.717878488969125,-58.13127760203373,64.84915609100285,345.4825708198724,3,S7,119448,119703
-71.16069902068269,86.40551659571557,89.44895683644067,54.19659393370801,70.16073949581971,-124.87651133970996,195.03725083552968,595.7223437776842,-21.907555114364904,21.907555114364904,23.719913708342293,9.093587589189909,-0.6181680343223048,-47.070248743836125,46.45208070951382,413.07228846744295,1,S7,119723,119978
24.395807716763816,45.9248306365411,48.97061866266382,42.46134781246028,58.75010225668825,-92.1748300838857,150.92493234057395,507.19422910287074,-6.468045842350842,8.241144579968033,10.196207927551768,7.882070735734203,9.966209845266778,-26.98879809125674,36.95500793652352,306.6111263946673,2,S7,119987,120242
25.283628506414143,25.283628506414143,27.49357973815368,10.799771125716337,55.816248003472346,6.244988249020714,49.57125975445163,443.0758773801968,60.63985646883469,110.3497436382492,211.27093700042428,202.38136433099857,697.9934199285211,-57.68249407452638,755.6759140030475,1707.3770540893595,3,S7,120250,120505
29.09813297211548,29.243541541947728,33.58378358340534,16.76809999117647,78.39230938355415,-4.504485165563039,82.89679454911719,605.271320531449,-34.01216348454635,34.01216348454635,35.14050987576093,8.833355502239383,-11.82893597082938,-57.68249407452638,45.85355810369701,398.5015957014788,3,S7,120378,120633
-108.5100573682684,140.76245040356392,147.21170583503724,99.48293212806222,88.81128376137796,-189.6973259572405,278.5086097186185,696.0961014458805,16.736095298663017,34.85865063454227,36.63713177357369,32.591142028905224,70.5771387395466,-58.04401099833673,128.62114973788334,390.9055032762435,1,S7,120761,121016
9.689582519158847,71.36147091273023,88.37822407100182,87.84544655557634,92.17144893085069,-200.6063079519281,292.7777568827788,729.1065216508457,-19.75616481492896,29.08985363970596,31.82966472604413,24.956392134636385,38.68680121547993,-58.62256051720171,97.30936173268164,371.3148683142033,2,S7,121025,121280
48.38275935606944,48.38275935606944,50.964454167963446,16.01512365644181,90.20994162764052,13.094686707808032,77.1152549198325,402.8062816152329,75.71246078199309,93.17178352099285,204.00132909987695,189.4311631090605,704.4289920913054,-25.41898572450707,729.8479778158124,1632.7154496374617,3,S7,121289,121544
39.85222620770176,39.85222620770176,44.01029011769924,18.673663339961568,70.97848933440896,3.560402533083173,67.41808680132579,341.81185277562486,-13.319762137662728,14.122222640578997,16.75358357574503,10.16201255783322,12.788388390534523,-40.765183458003136,53.55357184853766,353.41517898576114,3,S7,121417,121672
-72.16166273938894,96.73620340680822,100.27126622218414,69.62055199786059,70.12899509933092,-135.2317011580377,205.36069625736863,534.5234497475458,-82.56310639228786,82.56310639228786,88.48290086025683,31.82070406986297,-20.18708690037687,-124.16892505397117,103.9818381535943,393.1767002550183,1,S7,121799,122054
9.89921238844688,40.76222719997287,47.59094966472007,46.550017014801824,52.5706481365132,-107.46899948229937,160.03964761881258,430.587054709332,-23.031717977427757,28.950037936033315,38.328462506350455,30.636759050345773,46.03501717693906,-92.0995191538548,138.13453633079385,404.9134747574786,2,S7,122063,122318
52.36518382684032,52.36518382684032,52.87292323142333,7.309824472393727,69.19504261299532,34.82878670742176,34.36625590557357,382.31633381068366,77.86952707040294,83.13140223312078,199.4035382596657,183.57044376561757,711.7837944148906,-27.00346735970636,738.787261774597,1654.0042584686353,3,S7,122327,122582
63.07009932937329,63.07009932937329,64.48507238836837,13.434549918627512,88.91684461589536,38.95755041002884,49.95929420586652,371.51052867675537,-2.904218880924934,9.53283184947898,12.327761637719329,11.980785437028054,18.60334732555329,-27.715162738688,46.318510064241295,324.07936856593074,3,S7,122455,122710
-124.4355420938873,173.28085482950945,181.5531011301048,132.20183203631657,127.47054170414282,-234.044706515156,361.5152482192988,672.0487892225988,-21.403546059729607,21.403546059729607,22.52639931854463,7.023309926776785,-7.617601485371097,-46.05054139512639,38.43293990975529,337.03631518063617,1,S7,122836,123091
-1.976945683071797,67.3213293107872,90.89512153819274,90.873619963161,62.196545052533445,-219.1822480734844,281.37879312601785,578.4369880491281,-9.103910264390027,18.376221352166723,20.31448388161953,18.160315891374623,29.93391955488544,-37.088414170405606,67.02233372529105,372.0927557832362,2,S7,123100,123355
-0.6927191224710638,10.518815399164785,12.036324594681377,12.016374243751512,19.516199966300245,-25.10992083065533,44.626120796955576,384.7174659402532,86.78458701158875,96.12972648647316,220.5631111456209,202.77209239800112,739.087240658506,-21.11690998941348,760.2041506479194,1670.67177703607,3,S7,123364,123619
-8.579281045142224,10.905884768692667,12.48150192357063,9.06552960485821,13.83386028218638,-25.10992083065533,38.943781112841705,360.3388216697549,-9.57556290079751,9.57556290079751,10.692569125076258,4.758111981385521,-0.4274542765320411,-21.371275654817374,20.94382137828533,286.60255098955906,3,S7,123492,123747
127.77947655510916,152.5692076823697,163.33546976980136,101.73927980983552,206.2020589738678,-73.89049365472957,280.09255262859733,622.1491632493523,-52.9491285240048,54.25968943449625,61.054930310034514,30.39891944973692,13.93562188927106,-86.33242574130233,100.2680476305734,413.9306035766928,1,S7,123874,124129
-16.609283794983714,95.14075203306824,106.26344846729742,104.95738264638494,199.97537546867267,-102.51323825583754,302.4886137245102,633.7311007077774,-17.287346184903264,20.06309594776971,27.966638181875307,21.983641943027465,21.359658426973223,-70.42446460348776,91.784123030461,376.7232734864501,2,S7,124138,124393
-96.20744682320688,96.20744682320688,96.6846304140265,9.594005110313493,-68.82671750183509,-121.19921260349945,52.37249510166434,469.787358121251,77.30038582947167,103.51260656528407,219.61861523977163,205.5650420437524,732.0673899246085,-39.61604020524362,771.6834301298521,1772.9931723240015,3,S7,124402,124657
-85.10985961167441,85.10985961167441,85.88750621180338,11.531501210321167,-57.27017486481781,-106.59070066056864,49.320525795750825,287.66384091393184,-31.363288161562966,31.363288161562966,34.12736670617511,13.45441615204888,-8.918349305171098,-59.05349127523888,50.135141970067785,390.7098098974304,3,S7,124530,124785
-75.41729314389588,75.41729314389588,76.5800173566939,13.294019452340876,-44.902486280215385,-98.70353376135036,53.80104748113499,342.5601793356002,-44.053158572511,44.053158572511,45.314750456636034,10.618183871660738,-16.09532964865004,-64.46846907175035,48.37313942310031,378.9056395613956,3,S7,124658,124913
31.45239526566705,82.33745874561288,122.4253437243634,118.31615112942428,268.1305749918067,-53.689673343461976,321.8202483352688,630.3022232215367,-34.8509332907085,34.8509332907085,38.0071146869377,15.164208373423952,-7.960327212776104,-60.00802414361632,52.04769693084022,352.33242632293,2,S7,125176,125431
13.149958323943384,26.875859317058172,32.45976266126166,29.67683925393653,67.49904411162275,-50.31453947102845,117.8135835826512,494.1266018212606,59.87249422224603,97.76898366639622,201.12107391694624,192.00252813208695,686.0769265314202,-52.22321940848673,738.300145939907,1651.554172282741,3,S7,125440,125695
28.033108381374387,28.033108381374387,31.792803924285614,14.99757366530293,67.49904411162275,3.4277031293484344,64.07134098227432,459.5913033905565,-12.974398966202628,15.133144872898708,22.104150756735823,17.895766318945522,10.152969584468444,-52.22321940848673,62.37618899295517,326.6406982838449,3,S7,125568,125823
19.57464983980531,19.57464983980531,20.664938615035503,6.623652437454394,35.33736105125148,6.555238573121272,28.782122478130205,275.21527202625134,-14.564478805248548,16.723224711944628,22.01400407857562,16.507341781856027,10.152969584468444,-49.41563342368431,59.56860300815275,324.49264505274255,3,S7,125696,125951
-137.29084149548154,142.91059888813209,158.07125685115213,78.3437750173265,26.51945638021185,-198.53901681429923,225.05847319451107,563.7746221808592,64.82594945358578,88.4918108756795,91.33592401315198,64.34164508914436,150.25096866682054,-70.47723892762616,220.7282075944467,540.2319902553375,1,S7,125970,126225
3.162621581936088,11.247419866403217,12.980468467688503,12.589296500207135,27.015472915027534,-22.67031034302229,49.685783258049824,370.5940357456996,21.32677424086621,108.24082558884278,178.7172838303072,177.440232867751,620.7923570593177,-94.61511830134629,715.407475360664,1664.4761860748715,3,S7,126478,126733
7.768769651473208,9.01000833470904,11.84514816413018,8.941686257778533,32.541854821854784,-9.892668008078823,42.434522829933606,358.6566089990115,-39.27133643623657,39.27133643623657,41.61214809630114,13.759832982286422,-8.986293548365563,-64.73546636561797,55.7491728172524,377.14184340845645,3,S7,126606,126861
1.1515244041501604,7.098436244180788,9.580541502193244,9.511086532142045,32.541854821854784,-20.7801786719248,53.32203349377959,318.2503261348006,-29.66530223000639,29.66530223000639,31.27883808964288,9.9164285829361,-8.986293548365563,-52.78401272571715,43.79771917735158,309.84638216043163,3,S7,126734,126989
100.76676324634222,101.47436031946822,111.7832249299837,48.389552597672825,147.20539581986282,-13.809950330575392,161.0153461504382,537.4087723892595,-1.6031333317998973,13.870944172821968,17.64718789266632,17.574219870012463,39.7341819529064,-33.07125727508261,72.80543922798901,427.0057738679033,1,S7,127008,127263
17.240948268529053,22.30122279365102,44.71466450193319,41.25713179951253,142.39713797182867,-21.661785544533863,164.05892351636254,538.8923289037787,-36.1614431950471,36.25503848075889,39.977048338438046,17.044483562290576,2.5920841653448656,-64.23408215963914,66.82616632498402,456.33627546952096,2,S7,127272,127527
5.555356595565268,9.448826134434777,11.968241332924537,10.600793069352536,32.77960564852436,-18.548604411708723,51.32821006023308,441.4558305959822,63.40686480005829,95.46162716080956,202.1029435081811,191.89885166643955,685.7633537816002,-41.23139106989456,726.9947448514948,1816.5382917624845,3,S7,127536,127791
13.668892379405936,16.640749883421616,20.104887089539066,14.743400761131497,58.78164073398322,-18.548604411708723,77.33024514569195,455.59040446951497,-25.802631993525807,25.802631993525807,27.364226113877237,9.111808438398988,-3.064857282974848,-40.3914694276934,37.32661214471855,440.6411972906498,3,S7,127664,127919
-155.25441765301673,197.21442752185132,209.12471788758307,140.1042948334699,111.38093234345028,-260.56404427340806,371.9449766168583,771.7760858409396,28.80141191588613,50.67946517521031,52.54942069588937,43.9536151769683,93.22605948486104,-57.24544461011156,150.47150409497257,488.09040080506304,1,S7,128046,128301
19.810361619212717,105.23629837588636,123.06479153856276,121.45983899604816,92.8714723948986,-271.1881939566345,364.0596663515331,679.5978063236821,-45.96597516105928,57.69598120066165,60.38162697190166,39.15443784894329,44.10928618048641,-95.52366576340928,139.63295194389568,470.1471987752892,2,S7,128310,128565
37.71113358296391,37.71113358296391,41.320385869438624,16.889188621338633,77.55400280611423,2.0440362682909026,75.50996653782332,375.6367118431817,50.162398532191006,112.89859425638788,205.95422716225204,199.75203993826483,686.918807606596,-65.06373935223849,751.9825469588345,1666.4877543628886,3,S7,128574,128829
16.970081214767625,19.796079018781803,23.852936915723333,16.762426526898423,51.29750509945771,-12.613370313962053,63.91087541341976,390.6791851784549,-33.138279676860066,33.138279676860066,35.25200142036115,12.023228526454432,-4.316361297398281,-61.31148874442826,56.99512744702998,355.2394408739775,3,S7,128702,128957
17.72628624791559,33.83846873419946,36.7488791443938,32.190975353757466,62.64308751862772,-51.4721438528278,114.11523137145552,388.0548321686768,-3.061337424840552,13.651490537962154,17.49074663322153,17.22075581845411,32.04221295053207,-42.12328254700108,74.16549549753314,463.10746871715344,1,S7,129084,129339
14.353680955567675,17.420763678467427,25.17868845998076,20.686667097203987,67.52280966368107,-11.855651764162651,79.37846142784372,385.03520460062975,1.122266345433176,10.953427497058032,13.076714759065135,13.02846833437684,27.554319687072645,-21.886994321963577,49.44131400903622,431.8658641982905,2,S7,129348,129603
-16.776557776767685,18.427594909702787,20.42907372385358,11.657365155875516,28.470544911208624,-40.55376110779402,69.02430601900265,482.1648858869597,92.55562895556167,101.94580368641802,220.75960622680472,200.4202067907682,741.9295610043436,-31.760953462211795,773.6905144665553,1786.8275022052271,3,S7,129612,129867
-19.7376574436884,19.907855572514546,22.40100023494369,10.593851526312754,6.187438695151454,-51.46968184694228,57.657120542093736,470.0520450742972,-11.60333425157312,18.73814366439382,22.564492541058232,19.352492291220337,21.92896782463008,-47.93341473514565,69.86238255977572,386.683743741705,3,S7,129740,129995
39.703906081721534,60.13728723938963,63.85189496933393,50.006642889007125,120.85645584394815,-55.93315468721229,176.78961053116046,536.1176035231678,-114.99931331471768,114.99931331471768,122.0037417939715,40.743968251429045,-34.717546571152425,-163.7049256080604,128.98737903690795,504.3383117858629,1,S7,130122,130377
31.81611135306681,36.58749926653675,58.35650698040056,48.92051681373361,151.03504310938055,-34.06624940434873,185.10129251372928,690.4235290095385,-28.95515951546608,32.02287657163458,46.9216216185219,36.922043723846805,35.345278151686244,-107.19226519664328,142.53754334832954,475.0973929880274,2,S7,130386,130641
22.8613154347396,22.86421142234452,25.09840671102652,10.35810195090963,47.80808021044244,-0.3706864134296734,48.178766623872114,430.18695901187255,94.15148231877998,98.99723617299006,201.24774969220437,177.8655535323031,652.6748628062895,-22.4880649020442,675.1629277083338,1557.5735251602944,3,S7,130650,130905
20.735144094368128,20.74820110995412,22.468064576475133,8.652613778416743,40.76554138459561,-0.8511071091580209,41.61664849375363,401.4563795725696,1.6859547450468897,16.561019037632526,19.428221810506635,19.354931136945424,44.74556342256366,-28.194073359973803,72.93963678253746,345.1362708033121,3,S7,130778,131033
19.154689832865376,19.16774684845137,20.89011038495269,8.336340282296058,37.599186517483375,-0.8511071091580209,38.4502936266414,441.0106785359372,-14.509881061359586,15.221033264271952,17.625033956729602,10.005257296095383,9.057704427920516,-36.51181349656616,45.56951792448668,366.7441707215951,3,S7,130906,131161
-2.792826992988488,113.85191974563936,137.4370796095285,137.4087004850243,98.9731157559765,-278.37939238260554,377.3525081385821,716.6650518993324,-40.32742031614133,81.3030005371922,82.69566218200414,72.1960643966513,104.00501009805504,-96.0357593081893,200.04076940624435,504.528233650584,2,S7,131424,131679
95.70390315720786,95.70390315720786,96.86186831773752,14.932664011438352,120.62052232042149,65.47487865058763,55.145643669833845,342.1301764374307,39.03229418446269,149.19430464801732,231.22112684833468,227.90280716066496,688.1582127817113,-115.0847002025205,803.2429129842318,1778.2077542366549,3,S7,131688,131943
110.02198359556364,110.02198359556364,110.28559290722932,7.620703943642396,126.37536979677223,91.53430756951538,34.84106222725687,319.338904343202,-67.25783601179504,67.25783601179504,69.00858619761912,15.44566165642359,-11.884123223218294,-95.56853998683124,83.68441676361294,387.3675812968336,3,S7,131816,132071
113.3841620782683,113.3841620782683,113.60932429136616,7.149150701291948,126.37536979677223,97.7369895958834,28.638380200888832,411.5909010810881,-75.52720926003828,75.52720926003828,76.38654327872861,11.425614008160151,-48.859202041367865,-95.56853998683124,46.709337945463375,354.77505619488846,3,S7,131944,132199
-163.48206464392655,207.38590055954413,216.9630590670972,142.64145098642155,122.81104496950452,-273.2447309796177,396.0557759491222,680.141896755937,18.381726059938195,59.22299634049559,62.763523540711866,60.011432530001166,72.90953489228538,-100.65232413512568,173.56185902741106,481.1645371373858,1,S7,132218,132473
65.78872981917783,65.78872981917783,67.0252552383564,12.81514215863575,92.99663747518636,35.577138836511594,57.41949863867477,455.8291440097539,72.57995004347693,114.46077169662205,222.39632830106132,210.21959398086528,704.0827186661314,-79.47074482508154,783.5534634912129,1757.6682512958796,3,S7,132725,132980
75.76818413101796,75.76818413101796,78.06685916581621,18.80470083525769,123.77720126577871,44.11430932974483,79.66289193603389,663.8304270457238,-10.645163285028032,12.210703231557847,14.09035655763045,9.231394615996576,19.258049294652267,-28.81640846477379,48.07445775942605,400.6057171242116,3,S7,132853,133108
87.57978945016683,87.57978945016683,88.9999591768988,15.835820577226206,124.71780967791008,48.60914087644013,76.10866880146995,712.5101987901912,-10.3568274620752,10.613774496817946,12.965721252110878,7.800387971648891,5.099893818122164,-28.81640846477379,33.916302282895955,377.94601863017147,3,S7,132981,133236
-130.74551876404263,162.09163332628634,170.94874089508747,110.13210856392938,89.45728342399921,-221.90045564855063,311.35773907254986,784.6065244331774,-2.518458363286943,6.55416509947078,8.402505809282042,8.016200555587947,21.510348709458437,-24.13081563341797,45.64116434287641,343.79053257847096,1,S7,133255,133510
-1.7047665012845066,61.22778572749292,86.03434695396126,86.01745536209893,59.55940322844184,-217.74827709017572,277.3076803186176,687.6034812355815,-26.60919614956264,26.60919614956264,29.426029778767013,12.563514986459152,-0.179739885286519,-51.99065756453866,51.81091767925214,345.5011789803848,2,S7,133519,133774
0.6418438036443543,10.85624199607614,13.89552956028824,13.880698047741244,35.527779427690824,-28.2585193053702,63.78629873306102,487.39771971675583,95.70267660301766,117.23414874556605,247.5421726830937,228.293944176548,790.1087337104088,-31.22283542207521,821.3315691324841,1835.590330646096,3,S7,133784,134039
-20.57642647206488,22.522591753471296,28.309110520920537,19.442644164963816,15.009064604242626,-58.44991636066751,73.45898096491014,514.7343666168526,-20.36516798742226,20.591687353489288,23.09271068176618,10.887296242677952,7.440704853298745,-45.11880842460472,52.55951327790346,397.52846967173537,3,S7,133912,134167
122.8166764930988,147.97857603385145,162.57014574064488,106.51345577589728,232.8179401308053,-65.3796123679108,298.19755249871616,820.7369374965194,-60.1579777711209,60.1579777711209,65.57416986464943,26.09577482902589,-8.378434499875501,-99.9505289691404,91.5720944692649,436.4592966994753,1,S7,134294,134549
-14.700150494966788,53.36930710066873,67.80601983595695,66.19336750324396,202.26531314317853,-81.3624928716446,283.62780601482314,653.6103484997523,-38.8068766678949,38.8068766678949,40.759065830152565,12.463056231498976,-12.498244117669902,-79.238984446538,66.7407403288681,327.4149437014472,2,S7,134557,134812
9.058333558479417,14.75149020587161,18.53410196405193,16.169710224898875,45.79822224113267,-23.759805894535297,69.55802813566797,544.9816145080749,85.8517571687387,154.11685435277033,269.4687893486194,255.42690583423376,772.4807360673414,-70.73366707753402,843.2144031448754,1933.4550474963823,3,S7,134821,135076
9.573408531013545,13.116159398083717,15.48580835796057,12.17210374577043,31.673629650167697,-23.759805894535297,55.433435544703,515.7790793267213,-54.24313883465865,54.24313883465865,55.348983585959466,11.008718061734392,-11.572828361887897,-80.65033805022277,69.07750968833487,420.5166687966669,3,S7,134949,135204
-100.91288487457238,112.59933910893068,124.700469106519,73.25842382741527,57.0451505242792,-163.28449194200178,220.32964246628097,685.360014911565,37.18547370393899,56.62183185340616,58.82868210636054,45.58568178479825,111.14750739164236,-54.05354907370784,165.20105646535018,527.3502282524187,1,S7,135331,135586
-17.805681576486307,37.44109739142646,60.33366100214575,57.6464079845277,30.304136399882346,-149.95652736961677,180.2606637694991,449.5109506792688,-25.22719211529604,51.40924629143642,52.41973656121,45.9501638639581,82.17112824035863,-64.13047994283413,146.30160818319274,483.0637223163062,2,S7,135595,135850
32.033244221851035,32.41419254472793,34.68754940621915,13.30779277085954,65.79657174166354,-11.45008379099202,77.24665553265557,425.54717912597465,76.73373458562932,139.07531420462368,249.31458052970305,237.2123395636154,746.868993315193,-61.05695766315046,807.9259509783435,1806.362359003836,3,S7,135859,136114
31.189763346093013,31.189763346093013,33.92045834904175,13.334022537246172,65.79657174166354,1.466289594141358,64.33028214752218,466.3559344231359,-30.10447049256062,36.3530564854928,38.87465518148987,24.59592795245352,125.9178157962695,-52.59691506727314,178.51473086354264,479.1303709185636,3,S7,135987,136242
13.483953457301244,17.30764984901429,22.060746391640613,17.460227103838545,49.08491312257456,-17.746423014025794,66.83133613660036,419.3680719106817,-43.9378933523371,43.9378933523371,47.43722084720953,17.881595271831372,-6.599945650838817,-68.14940342417904,61.54945777334022,372.1097844872995,1,S7,136369,136624
-4.221871488208905,17.219532055675426,20.88352869650895,20.452324365581568,41.40897091139984,-37.60383698539332,79.01280789679316,436.32149109903537,-31.53902203694753,31.9346992114126,38.73682059672288,22.490694940255445,7.780599366046704,-69.89461861208882,77.67521797813552,411.6291947222989,2,S7,136633,136888
2.2899906040014737,12.07647271723722,14.335381543267786,14.151293475320468,30.916203453303652,-32.304629269358514,63.220832722662166,458.90365166509946,89.43062932728412,96.84542304551604,225.9751662008769,207.5257532877302,784.3419448884058,-17.721656643047222,802.0636015314531,1765.8640795124868,3,S7,136896,137151
18.66124282469919,19.140534754448453,21.38923864336051,10.452633447138554,37.94800253565285,-12.817668654677476,50.76567119033032,393.50245422200754,-8.822784751748337,9.156123537608757,10.880294978216972,6.367047042179798,5.594419789164776,-25.493752944666795,31.08817273383157,325.6932471134584,3,S7,137024,137279
25.50499108956926,25.79873412326142,28.032924429170485,11.633584210060809,58.10106290886307,-10.233259076921897,68.33432198578497,485.34584132704913,-8.072468055069276,9.294769330545364,11.100461266034396,7.619415976216029,18.873517687999435,-25.493752944666795,44.36727063266624,351.4013057607481,3,S7,137152,137407
-35.05392855817148,35.07718632384427,37.29293084551817,12.72732429410091,1.6828432560744588,-62.40205403303912,64.08489728911357,494.0720287731127,-29.17658801841644,30.7100563433228,40.10223812454712,27.512110318939158,22.17736046057668,-89.58390691144265,111.76126737201932,410.8073887753974,2,S7,137670,137925
-26.731206497752652,27.131224241668956,30.669882426885152,15.036099469392475,6.302715099798732,-63.3883105425578,69.69102564235652,558.4497342657098,106.96469063584522,115.2738033094581,245.0162415913369,220.43482846574477,777.4002535839282,-31.23378350905937,808.6340370929876,1801.97958125932,3,S7,137934,138189
-25.928971705521256,26.367037040961964,29.548867828934576,14.171239051900958,6.302715099798732,-63.3883105425578,69.69102564235652,551.7631139567588,10.152986156860027,10.488960161218,12.694362826686056,7.619955359065924,27.75503225809565,-4.604616285177436,32.35964854327308,366.0330889056419,3,S7,138062,138317
-24.750035250466787,25.104950057010477,27.66558329933936,12.362048956113073,7.737005710713522,-48.375459395547935,56.11246510626145,411.3307014775117,0.4037546918150161,12.807174413815968,14.200724883441174,14.194983950819484,23.478918297832053,-24.60360302515241,48.08252132298446,356.54181332583045,3,S7,138190,138445
29.54040701274948,30.041131689836178,40.9649985407421,28.38125189212244,100.19215853022654,-6.303091546736087,106.49525007696262,511.3084139005638,-29.42052949942276,30.03834782864312,44.857483249808986,33.8618701119783,10.883188252139332,-102.416158338315,113.29934659045436,432.7983484225352,2,S7,138708,138963
36.20522086944198,36.20522086944198,38.332575674706895,12.59239213382642,61.85274463458235,6.310434402221795,55.54231023236056,386.55460846454224,83.36403445789807,123.45582095605992,240.88665915201503,226.0018148518313,763.7150657281921,-51.04350030548797,814.7585660336802,1782.943833937258,3,S7,138972,139227
25.237538226466476,28.0469690798282,33.11238137047695,21.435868638605537,58.25205550755864,-22.8609458025972,81.11300131015584,382.0088541288567,-39.85100600118086,40.4447663607742,42.56997184956982,14.969964060311352,11.98553315937884,-63.61292869340444,75.59846185278329,377.978040280709,3,S7,139100,139355
12.455166230436683,15.470920156829145,18.32051804499445,13.43540902277102,41.4510292725131,-22.8609458025972,64.3119750751103,418.8390633463353,-42.29440347249472,42.29440347249472,43.384059455751135,9.662300438610703,-23.05809245922903,-63.61292869340444,40.55483623417541,334.8494307909049,3,S7,139228,139483
-85.29551676310001,91.89585266316274,98.71593746618925,49.69417601635336,35.12619153671486,-127.07590084260352,162.20209237931837,489.579413839731,37.20748525407848,48.88524070300468,51.51213883107792,35.62447877541198,83.50709819999544,-42.74060982243706,126.2477080224325,511.1321818558622,1,S7,139502,139757
3.734789498137452,11.574691481994478,15.361942088299092,14.901027217237653,48.91137891058141,-33.99220905140195,82.90358796198336,415.45664805695264,58.22373746446323,122.6325265205771,219.3502634762516,211.48175921996264,694.2929728241344,-70.13969693772135,764.4326697618558,1708.1254254227165,3,S7,140009,140264
21.477433407335376,22.56266003010778,27.340975777207955,16.91888916812645,53.96486607020671,-16.454673562736353,70.41953963294307,402.06594475223903,-55.696818975954926,55.696818975954926,57.28171953630216,13.381320898748644,-18.50316163833094,-77.36226327238764,58.8591016340567,366.251180904591,3,S7,140137,140392
39.69925944912536,39.69925944912536,41.645820794634986,12.583449004540968,58.59511251078983,4.264260108901786,54.33085240188804,355.5499991341392,-68.07155156411163,68.07155156411163,68.3307176418954,5.945657332114622,-56.92525589350596,-83.07805418896946,26.152798295463494,363.9841319675006,3,S7,140265,140520
-5.961340301231237,24.07873200082519,29.396506545481177,28.78570858762094,66.65490846026104,-40.82030504272908,107.47521350299012,466.9656550381951,-9.893775519945928,15.99105031636106,29.37860202521933,27.66252813676183,30.39377201899937,-84.24405062192683,114.6378226409262,478.4724736800029,1,S7,140539,140794
11.824676455294108,15.261637399325592,16.918940917173092,12.100726775132436,29.464020702504914,-23.15294842237289,52.616969124877805,364.7659134725129,-60.34832241897925,60.34832241897925,63.004060094651045,18.09949086646717,-2.3959151468090853,-91.19527142938544,88.79935628257634,396.45617536136655,2,S7,140803,141058
6.612399167709039,14.69354352775813,16.85314161332339,15.501759883497533,36.73157677723026,-24.88996246736858,61.62153924459884,365.4123544415841,68.24397990626494,120.39808716574731,225.25253402276587,214.665934163366,705.8434399746056,-65.82693673017985,771.6703767047854,1768.2837792008977,3,S7,141067,141322
28.527135442103265,29.23772495258612,33.584841913627045,17.72411210276035,67.13767562500688,-12.870584854506992,80.00826047951386,447.195949945866,-37.68759420419981,37.68759420419981,40.35181488869247,14.41923048955349,-7.015114850884371,-65.82693673017985,58.81182187929548,385.342000257122,3,S7,141195,141450
-58.81793557165941,61.25185689415868,68.9758324797745,36.02937581149633,20.97953121457257,-116.38666981899496,137.3662010335675,481.2420810393933,71.09811965448802,71.41137661108425,80.62417184352749,38.01729168484725,151.97725756412257,-6.741630722576386,158.71888828669896,496.7191481953421,1,S7,141577,141832
-32.4234548012499,32.90772506616625,38.17159176987513,20.144229868557968,9.530395045598828,-78.27382636701778,87.8042214126166,438.7503548989537,-14.816883203042297,42.4395181253974,46.23163173369688,43.79296455947658,89.68819940553304,-61.36407175286948,151.0522711584025,525.3602562061967,2,S7,141841,142096
-47.84002015645518,47.84002015645518,48.93851026733708,10.31068662195778,-25.7975385854869,-88.45572536895067,62.65818678346376,525.0114630634105,51.40426262377127,120.90798229043514,219.7760960899015,213.67998080452924,724.9565303039724,-65.8575863644675,790.8141166684399,1859.571030130815,3,S7,142105,142360
-40.464868560960255,40.529981045583,44.54680065816572,18.628254379371235,3.435927478679531,-88.45572536895067,91.8916528476302,511.21502939685024,-54.695121988834416,54.695121988834416,56.1958750272973,12.900387618600384,-18.86170926717118,-78.49096847862192,59.62925921145074,425.1520849139527,3,S7,142233,142488
187.2466393707266,221.73702484150468,238.2053444772608,147.24293593208313,299.2614970621217,-93.19937730342356,392.4608743655453,691.6699383026112,-57.14186089190451,57.14186089190451,58.5576948381593,12.798881145210396,-30.681556356518826,-76.38167011465832,45.70011375813949,385.300807568913,1,S7,142614,142869
33.35586654602227,88.68508355914912,134.67160697212088,130.47539189984198,305.1751746634501,-63.43655160677624,368.6117262702263,765.8898053088126,-54.85871963807287,54.85871963807287,56.33836291174664,12.827003361930908,-29.607433089121084,-76.99802034441065,47.39058725528956,353.10193030129903,2,S7,142879,143134
-18.18514491341459,21.114324026266694,23.320637321165343,14.599747584922188,20.83571346202053,-43.38479219662808,64.22050565864862,435.3482381489487,115.65136267489927,135.01582389475797,263.59405125944045,236.8682886559605,780.5287738541194,-49.576857336483,830.1056311906025,1740.963031522061,3,S7,143143,143398
-13.350777369289112,18.83909376111245,21.548920672372784,16.91486700449911,20.25760470994253,-43.38479219662808,63.64239690657062,401.6732113014172,2.840735676226356,16.226451704651893,19.074248888929272,18.8615267540736,70.89581736702584,-30.038502148555864,100.9343195155817,369.0353457623668,3,S7,143271,143526
-161.62635425074427,184.57365413625712,206.0832979844729,127.8563542408822,58.76206942373986,-271.7229292935896,330.4849987173294,695.6763905804052,32.73049458470021,42.36869120717026,46.017621712915954,32.34712092835997,91.51202709458173,-33.65073366005157,125.1627607546333,435.0317508593976,1,S7,143653,143908
4.706436298501995,96.31379055838408,120.63858059144307,120.54674024827982,88.07413553158014,-266.96249389643543,355.03662942801554,603.992563329395,-39.609896505015385,56.13010723792346,57.24364027476141,41.32663125356645,56.35218379024821,-76.9555437813463,133.3077275715945,434.1294365264149,2,S7,143916,144171
48.51267778702662,48.51267778702662,49.39654492443988,9.302620297762411,63.08859130967022,22.87796902341402,40.2106222862562,370.59323738556463,35.88385088218257,146.86065299659762,234.4628845493607,231.700654891332,731.4339023547459,-88.3290744170049,819.7629767717508,1892.972851250202,3,S7,144180,144435
44.86314499956036,44.86314499956036,46.624952770813685,12.695843478439288,63.08859130967022,6.04160505371778,57.04698625595244,369.3551552978749,-66.18167636634439,66.18167636634439,67.19269258786873,11.612219880293328,-44.11376755654567,-88.3290744170049,44.21530686045924,384.4837642033268,3,S7,144308,144563
37.29339263852727,37.29339263852727,38.68947490710536,10.29943367842016,61.29340900860693,6.04160505371778,55.25180395488915,412.33528453359474,-58.47536358399408,58.47536358399408,58.92442210857819,7.260810874110251,-44.11376755654567,-79.39284285891543,35.27907530236976,343.5906756942451,3,S7,144436,144691
10.692040614491194,23.473608341752666,26.327389429291816,24.058505806879555,62.09182587710833,-43.832086870633496,105.92391274774182,534.4909678643614,-12.74981553019432,26.925170267976892,29.366842938180127,26.454747553166253,45.13626193556429,-48.56766392246608,93.70392585803036,446.4593405843319,2,S7,144954,145209
-12.393817800434752,23.66319648295825,26.27087848723566,23.16359939259717,35.96562131102545,-46.00753494620648,81.97315625723192,398.110579380032,90.00644099715196,106.15161281704778,228.5579822540781,210.0894852939616,748.4669778910954,-41.67200277835412,790.1389806694496,1735.735888208309,3,S7,145218,145473
-41.17496853566007,41.17496853566007,42.91204777693971,12.085768924555811,-10.321158190708609,-65.52796898392442,55.206810793215816,325.09245142407826,4.372291345372533,8.38790727066278,10.95599743824454,10.045742792745662,42.91403691709844,-21.97266087856344,64.88669779566187,346.8450049216782,3,S7,145346,145601
-39.62106429484047,39.62106429484047,41.90332636363046,13.640382123718014,-13.197692688983333,-65.52796898392442,52.33027629494109,313.40407190671425,7.884094885123229,8.323512931086714,9.46323636981403,5.233917312429075,20.096557451999058,-6.302705298001041,26.399262750000094,286.728839318579,3,S7,145474,145729
103.23421910628583,120.66643378166152,128.9397653675071,77.25386138273704,160.5403072062699,-57.49032558279148,218.03063278906137,558.1733438786882,-85.50929297857496,92.9780009525992,102.67658982831104,56.83874482318781,25.39105380683443,-138.90311169453994,164.29416550137438,466.06030150525646,1,S7,145749,146004
-55.67502874975665,55.67502874975665,57.86540287628493,15.77009904054298,-24.23978634946415,-83.33594716055867,59.09616081109452,379.1000752600568,76.33878347999769,114.3099340560063,229.9647549305384,216.9243615803827,752.8511232454293,-42.25330775113836,795.1044309965677,1769.4009943219748,3,S7,146256,146511
-32.72663266606453,32.72663266606453,35.79442996363227,14.498576852982964,-9.00045818068776,-75.50097461689323,66.50051643620547,328.8106460942597,-38.48099242822949,38.76863660386802,42.016920258859656,16.871123548178872,7.905943994154596,-74.31663221212798,82.22257620628258,336.84205833449664,3,S7,146384,146639
-24.982770372161323,24.982770372161323,26.682623377429607,9.371423308847564,-9.00045818068776,-51.735654548375,42.73519636768724,388.2457716182097,-32.149730392640066,33.98239673889808,39.73815779324363,23.35628438945897,13.741516587721778,-74.31663221212798,88.05814879984976,382.3314321518176,3,S7,146512,146767
28.28524833927088,41.761071139173694,45.22929168859601,35.293534153409375,74.93759508104466,-49.90975061821444,124.84734569925912,433.9726321968426,11.680666216781912,14.523940085539389,18.530410790917287,14.385345349079168,44.136516140882186,-14.633033573018906,58.76954971390109,318.021685099343,1,S7,146787,147042
30.42738161344081,30.42738161344081,33.57425572529216,14.19172630997924,76.69828237014494,8.658977720877859,68.03930464926708,395.30957993329287,-18.03302007910473,21.18063438757736,24.743059648575784,16.941935768960544,17.355032176058895,-47.77113384827288,65.12616602433178,367.5560494665316,2,S7,147051,147306
26.59013706259705,29.002828512201933,32.44620116728318,18.59356289633889,62.095568534405984,-22.57522955859741,84.6707980930034,641.4033500539986,72.00434638062632,124.6219468580945,238.19550238706435,227.0516933645833,762.0049020775732,-63.5184029531432,825.5233050307164,1912.1128474600705,3,S7,147315,147570
28.62712316710293,30.256448937915668,32.6276335239483,15.65408216883358,62.095568534405984,-22.57522955859741,84.6707980930034,434.0354919741716,-44.93262448331065,44.93262448331065,47.12706511288818,14.213357210602805,-12.521882320811883,-76.02776525647897,63.50588293566709,400.08254394303424,3,S7,147443,147698
-90.83829628524154,102.15230328267312,110.46406464068752,62.854701534067125,39.170884092925874,-160.66654575140066,199.83742984432652,642.4182611237404,-25.73626172444755,27.777340962320583,36.61514052365272,26.044449466586386,21.929731398601056,-82.20103783158075,104.1307692301818,445.4686932360504,1,S7,147824,148079
-26.97825332033492,29.806508762237183,54.85320683320194,47.76031980284334,15.475575848234156,-155.86831025437368,171.34388610260785,513.9878784469836,-38.03832456539955,38.03847395514818,40.75001726727857,14.616763374318632,0.0191218878251911,-59.04251498040847,59.06163686823366,425.2179848029821,2,S7,148088,148343
-21.13747469338813,22.214485986915367,29.38818918941895,20.417463785187845,13.25799432134456,-60.87013431466544,74.12812863601,402.8264633885934,129.7005877805508,143.4105774839549,287.2509541929295,256.3022984956009,831.3606815087342,-45.35693798290189,876.717619491636,1888.359847492259,3,S7,148352,148607
-49.51766176317319,49.5591430224163,53.919235049221285,21.33741038179538,1.9946033054036325,-81.19159241424579,83.18619571964942,368.0064823235069,-3.495434926650467,8.276156809981307,10.183706220646368,9.565030426610443,16.183530727310576,-27.26975882990295,43.45328955721352,361.79063937136857,3,S7,148480,148735
189.69253298028383,207.4760683117865,225.7486004862478,122.38943399257737,299.09624877419213,-57.49242879975299,356.5886775739451,707.7988012968425,-43.88790183470931,43.95896569631767,48.3782558668325,20.354550185735697,3.2500867787011267,-70.86038380349447,74.1104705821956,345.5807048732047,1,S7,148862,149117
40.60591238154379,81.47946458255709,132.96973762761456,126.61797267536328,297.646405739506,-53.007978354720144,350.65438409422615,598.0178718378886,-43.39432027841694,43.39432027841694,45.41540866977712,13.397474098390312,-1.8368292059607416,-67.54562829834728,65.70879909238654,394.900513185344,2,S7,149126,149381
-11.654737247243204,12.97400470041649,15.45503771211112,10.15013745623668,9.360292810108437,-34.1356723018365,43.49596511194494,426.0737223850221,55.45819690407812,136.0347734651945,240.60235942262807,234.12365056927504,766.9467729167854,-70.66737499707322,837.6141479138587,1827.5101088548608,3,S7,149390,149645
-9.889355908529527,13.0340607867865,15.376094094405614,11.773907988193525,24.61303281200365,-34.1356723018365,58.74870511384015,447.2423358858513,-59.60721480667417,59.60721480667417,60.01929674410409,7.021105657076236,-46.5186142573008,-75.34717876905877,28.82856451175797,327.06310851147987,3,S7,149518,149773
-180.71786521947925,188.2625557460044,212.36414731704008,111.53288419209665,54.362399597090615,-276.94539343312533,331.307793030216,789.3233095860062,52.18556081183094,90.16458080793149,91.43462620217927,75.07967841891004,112.9591830624932,-97.55323443153776,210.51241749403096,549.825487353341,1,S7,149899,150154
18.420477676965863,93.43634683234988,111.71971581077564,110.19065705854044,93.4950149195651,-259.2705736538814,352.7655885734465,761.7861620846041,-50.69073188731332,82.25033492039864,84.45425684159996,67.54976831489097,109.38055742039468,-110.45682884399444,219.83738626438912,509.20851343068944,2,S7,150163,150418
81.55212071996579,81.55212071996579,82.1928256799615,10.242665636086528,98.8719996094038,52.40370106834742,46.46829854105637,422.87307870638494,77.64663585746928,152.7043127894103,272.8641416085423,261.5833322591181,842.8081358938582,-95.30243776927377,938.110573663132,1998.994509211553,3,S7,150427,150682
82.98293135056636,82.98293135056636,83.7163134289168,11.056863868015508,98.5480307154553,53.54289368930673,45.00513702614857,404.36984287851647,-53.59212414197239,53.59212414197239,55.22691437309602,13.337777218288675,-7.7230117214985565,-75.3271387281461,67.60412700664754,397.33382749526027,3,S7,150555,150810
58.77682467011413,58.77682467011413,63.72546958505529,24.621542509243184,98.5480307154553,7.53473589430779,91.01329482114753,356.353245577222,-49.41589912830838,49.41589912830838,50.51023521688624,10.45718771974698,-29.495619434837984,-68.96749057787947,39.47187114304149,401.6154925350478,3,S7,150683,150938
-23.28574924456164,35.9581013546079,59.47468558172092,54.72670378493446,28.546700310898583,-146.42555351353624,174.97225382443483,508.87815366408375,-47.46623348301042,59.47771966737118,61.85632275253083,39.66309800559713,36.17616161175814,-84.95149439930972,121.12765601106788,404.4679990694009,2,S7,151202,151457
12.826959734227351,14.464630942819475,16.889564085019494,10.987560191347782,34.571067449602175,-14.221603509353582,48.79267095895575,489.9270616007976,67.48855888497738,130.2189283270006,245.01457658730124,235.5364879586249,796.2468118991126,-68.20094187313904,864.4477537722516,1931.6914945805324,3,S7,151466,151721
7.883447707404627,9.40293115404264,11.93496481494692,8.960727502755436,32.69732374031929,-12.69357560327881,45.3908993435981,426.4774186958585,-28.42661238639576,28.74279474776713,34.04510687966486,18.73491421601431,8.155825040537119,-68.20094187313904,76.35676691367617,391.3376458340609,3,S7,151594,151849
-3.126369778541555,11.148974575263455,14.933305639338196,14.602377523051238,23.65318602729068,-38.94182467692639,62.59501070421707,403.4486946837934,-13.313496231161157,13.629678592532532,15.662471648198114,8.250080983449042,8.155825040537119,-36.73600583786364,44.891830878400754,371.1921633963407,3,S7,151722,151977
162.86325258067384,176.2224279034479,192.9450033722645,103.45692478112228,253.551669133006,-42.88967084416037,296.4413399771663,724.5488171323844,-65.44528178473703,65.44528178473703,70.24738547439905,25.52665779347501,-7.780854337460948,-92.17479494152504,84.3939406040641,404.3393089540724,1,S7,151996,152251
-69.16483867581135,69.16483867581135,70.57178530069855,14.02148249925385,-41.63264930578782,-95.50499824450048,53.87234893871266,371.5064006381463,115.82115873156808,143.22705259888565,285.0762322410835,260.487844973329,860.2840474343344,-36.84206493833862,897.126112372673,1986.1497083014344,3,S7,152504,152759
-46.92832368342926,46.92832368342926,49.75295365441446,16.525399650283973,-11.181054451046842,-77.26283713027185,66.081782679225,353.14831189630735,-27.34650954410624,29.01112023639797,31.27221942024052,15.169710716482848,18.863440429559294,-60.560579104488966,79.42401953404826,401.42771176959616,3,S7,152632,152887
-40.13194371443153,40.13194371443153,43.83732013237536,17.639096634750384,-8.482202100860631,-80.65088007528738,72.16867797442674,319.95070467328185,-45.52764815777823,45.52764815777823,47.56327782431458,13.765850885960049,-12.305960457165543,-79.58318340483248,67.27722294766694,370.3035402609062,3,S7,152760,153015
28.297419601724567,52.861503353267146,54.15962971191418,46.1792327179176,63.91944452881764,-81.52312647846233,145.44257100727998,431.0861203367122,-43.87398098870074,43.87398098870074,44.97434125023711,9.887626767627625,-22.769296116599595,-65.61704713486913,42.847751018269534,366.93690849935626,1,S7,153034,153289
-4.090680865739375,28.52155073497369,38.049105785444695,37.828570963316,90.02974721263833,-55.63327817781242,145.66302539045074,446.3707860461564,-17.98541830959227,20.445111044493835,25.69627795580656,18.352749903244835,11.866199841713977,-57.1468150825688,69.01301492428277,348.79312046035284,2,S7,153298,153553
-23.609147793000385,24.398003648777276,28.19981626188556,15.42199006913085,18.706481290980868,-55.37512743568092,74.08160872666178,526.927862605686,103.10025027164642,158.85061334655526,291.9248904766506,273.1125776556772,839.5808601860793,-67.6667913594716,907.247651545551,1952.274562806353,3,S7,153562,153817
-12.316430855563596,13.999804072875104,16.45571947687444,10.91312212346704,20.36206545524201,-32.006649526379555,52.368714981621565,457.9686329368308,-54.183122664730895,54.183122664730895,56.31429502325423,15.345652226765733,-12.35591827224508,-74.3010238884675,61.94510561622242,295.99301612734257,3,S7,153690,153945
81.81530707337373,86.35620091380648,93.44318663947404,45.14293585744222,120.87263065401692,-21.03040049241375,141.9030311464307,439.8905048504228,-5.414049248418435,19.139019178964663,28.057632543263317,27.530325364377525,56.10197872123186,-70.57146083133028,126.67343955256214,544.2572038141072,1,S7,154071,154326
-23.216455405593457,33.0223082856905,35.37685871807332,26.693039001931023,83.31640908459713,-39.687103485537975,123.0035125701351,406.9164135673015,-22.285239877052177,25.26137007211649,27.709602399909407,16.46785197842477,27.77038004694436,-47.00303248976197,74.77341253670633,347.1536723980777,2,S7,154335,154590
-7.361368349940924,10.56077383284502,13.63054047920926,11.471786686120442,13.532667022877543,-32.254586422999104,45.78725344587665,463.14694697683984,89.34783732068675,113.3025669887826,244.0552653450955,227.1121672407295,785.750484478818,-46.38826472631217,832.1387492051301,1875.718479490764,3,S7,154599,154854
-5.062519405435802,7.099051741201857,9.474898609272064,8.009032458766267,7.449043288444836,-31.33130453217578,38.78034782062061,356.3739920747827,-23.9305748951882,24.43282507900793,27.0175866092426,12.541035498463174,7.592281101552715,-51.464414977422834,59.05669607897555,404.7228976855652,3,S7,154727,154982
-8.274991428084713,13.119360419218552,14.909136087611603,12.401889200603556,19.043919349425853,-31.468069911093792,50.51198926051964,384.26371743523646,-46.83622118158672,47.16706639935856,53.65624521855223,26.17940099358457,4.290306844803503,-85.44407492483177,89.73438176963526,466.9894236008431,1,S7,155109,155364
-4.330043108182217,12.99963581379053,14.990266602997398,14.351265432365985,33.2853791678584,-30.9255745324938,64.2109537003522,535.4316533470962,-23.182501688762844,26.664200293438427,34.79323824545923,25.94496180486289,35.71009514838132,-81.89621626169978,117.6063114100811,485.433121143178,2,S7,155373,155628
39.43131828051887,39.43131828051887,42.43322754295574,15.676413440984376,68.38949929865144,1.0788265522536544,67.31067274639778,334.031787977767,86.08698211076191,133.4660856999186,248.040529691958,232.6223030599784,767.3572836490825,-72.95065478069239,840.3079384297749,1782.5213782428043,3,S7,155637,155892
56.606907438374655,56.606907438374655,57.56056004847369,10.434371248773395,80.86352796056902,36.11901824384037,44.74450971672864,375.8708780293108,-50.97892909810363,52.36122846021125,56.52883004066895,24.42657187935629,13.680625079411117,-84.80117484425509,98.4817999236662,395.2375803192092,3,S7,155765,156020
-116.00397488067922,144.8892017955123,156.6489156001281,105.27089137353596,74.5067483791864,-208.21714178881876,282.72389016800514,729.1418986286426,-14.928427523617705,24.624850210764503,32.6016012372509,28.98286484985245,33.50481710152806,-72.6601473616301,106.16496446315816,453.3700183623959,1,S7,156146,156401
-20.91943249978952,98.22068601502036,119.08505331982776,117.23321742609036,82.88978620885175,-216.8874520318518,299.7772382407036,618.7005119960534,-1.0325086515489603,15.20915491457549,17.586827342024886,17.55649229893804,39.61603144571005,-27.332797704555336,66.94882915026538,338.5109595650967,2,S7,156410,156665
-7.326332031992662,23.444208032773297,27.718863755686485,26.733130509974103,46.36880080898573,-52.54648653910572,98.91528734809144,341.94662755204433,115.52491854028254,128.93509022831734,251.44014985985729,223.32967146756064,771.7080894141309,-35.74575291971121,807.4538423338421,1842.969741625512,3,S7,156674,156929
-35.37726140587554,35.37726140587554,38.64165047138901,15.5443406606182,-1.2587032116079049,-63.87525738708739,62.616554175479486,354.2334851032127,-19.057019098198943,34.07353627458722,38.53826477595551,33.49668453791411,58.63695391894624,-69.81860725470263,128.45556117364887,451.15132484621193,3,S7,156802,157057
-47.05071228600681,47.05071228600681,47.58889623664805,7.136772267759678,-28.69662879389805,-64.29740163201171,35.60077283811366,366.129948743624,-47.258824059274446,47.258824059274446,48.05335032608813,8.702185133418904,-27.63894955010321,-69.81860725470263,42.17965770459942,352.2133560296911,3,S7,156930,157185
44.87562284849896,131.18093585045608,151.86162435892658,145.07974161436528,245.6125283604438,-96.10451178501924,341.71704014546305,642.0192537894063,-31.256931931136805,31.256931931136805,33.266265681805734,11.386335611809724,-8.446114636790448,-49.26198998836775,40.8158753515773,380.3530485028889,2,S7,157447,157702
-96.97872719751334,96.97872719751334,97.81427588601169,12.757705054401248,-66.48185814872825,-121.13906828007087,54.65721013134262,406.1530044591935,95.2291178721691,115.66689024875862,239.29227609394547,219.52723864593557,752.9435933510765,-48.69047660502369,801.6340699561002,1819.970954542116,3,S7,157712,157967
-92.65809363429612,92.65809363429612,93.10709809444198,9.13287466387526,-75.17736441746433,-115.87840344880765,40.7010390313433,379.2631127137628,-15.91110982675814,20.43167994087333,24.130147163474746,18.14112968400229,29.016848667711905,-50.21245243572985,79.22930110344176,405.3113063701872,3,S7,157840,158095
-89.85599688032521,89.85599688032521,90.17373218265548,7.563187184795909,-75.17736441746433,-108.5808263015024,33.40346188403808,361.7337238319729,-29.731466613593405,29.731466613593405,30.74148162314881,7.815278970783893,-11.441976440532825,-50.21245243572985,38.77047599519703,398.43003635394297,3,S7,157968,158223
137.87027363225172,172.88687556872915,180.2862091127733,116.1675722601736,221.75985941121803,-110.07608127704744,331.8359406882655,678.9990500810421,-48.38113942167586,48.38113942167586,49.31383409545763,9.545657727714817,-28.7925572279081,-66.0902206160606,37.2976633881525,419.0111229091871,1,S7,158242,158497
-27.78766525100415,27.78766525100415,30.122420438054128,11.627806024570466,-3.2380489279924998,-57.814971148654855,54.576922220662354,496.8957654029857,98.16006993780998,116.82231259754752,234.0994742060448,212.52567960919663,745.8908111324832,-38.55954311389545,784.4503542463787,1792.8381143752235,3,S7,158750,159005
-23.947849702050306,23.947849702050306,25.559930715113797,8.933675212891208,-3.2380489279924998,-49.84218904295716,46.60414011496466,417.4619462354488,-21.803495889881383,26.383508705820372,30.00519169243989,20.61356581186257,38.49969973212556,-52.732299774321845,91.2319995064474,384.7270336753218,3,S7,158878,159133
-25.902309123375503,25.902309123375503,27.82087286007451,10.152406058345408,-6.347594220538484,-49.84218904295716,43.49459482241868,369.6028051023288,-33.888331595459704,33.888331595459704,35.32550556406577,9.973581354408722,-12.098032547888176,-52.732299774321845,40.63426722643367,345.32918317951373,3,S7,159006,159261
-26.79762210452308,27.767164594909808,32.108206378306754,17.686841616724973,10.50965739910859,-60.83461268451033,71.34427008361892,537.4373415936523,46.56462505425978,58.09083044158142,62.06374291213668,41.03222974467752,116.06120201004984,-38.35960389681624,154.42080590686606,499.5484041508436,1,S7,159280,159535
-12.855233236608834,16.094707173979216,20.33749391871469,15.759334926517193,18.43645516024313,-58.97399541580594,77.41045057604907,441.4764317302529,-40.52214536483287,52.15750337720789,54.87253092205722,36.99932951856669,66.88346174035628,-77.91171862065855,144.79518036101484,440.8321890378904,2,S7,159544,159799
-11.1102525082008,15.999644444282286,20.94909343244201,17.76025914352611,17.269109790229997,-60.90802725928143,78.17713704951143,391.08076309670025,13.96211403515872,135.14728275787763,207.50077563792465,207.03050804654268,687.5486047630458,-94.46323130495544,782.0118360680012,1771.386915344818,3,S7,159808,160063
-2.163819807037396,7.39297604139124,8.964355157379275,8.699284294141963,17.269109790229997,-24.21203358890853,41.48114337913853,374.5132381269704,-83.97629547671741,83.97629547671741,84.483608340089,9.2445592738978,-55.6402052806155,-101.45385933855864,45.81365405794313,341.3125696864017,3,S7,159936,160191
124.0037933762045,140.57483413926474,150.2907593638651,84.9139068614723,198.81691253014267,-55.62373634874454,254.4406488788872,540.167212868067,-1.5895647895249372,33.94380536347715,45.58632499019964,45.55860302831949,71.37079983255545,-96.61517932199612,167.98597915455156,490.6916638157686,1,S7,160318,160573
-4.3961941621448375,75.87924316636261,88.69829005557986,88.58927776922273,168.3270361435258,-133.28743155571095,301.61446769923674,670.5707304279352,70.52320738910825,114.55755258208931,204.93459885304696,192.4179488161437,651.3376816760014,-64.94120573441735,716.2788874104187,1534.2513223292158,2,S7,160582,160837
-20.108383556043563,20.21569682164632,22.3606505127624,9.780163706039795,4.445393017977741,-43.15225583547461,47.59764885345236,327.97181187093844,74.14750094122215,137.8139239441234,256.77152896557664,245.8328012928531,803.3296691471874,-82.66653845244409,885.9962075996315,1991.540381787264,3,S7,160846,161101
-14.0280939822071,14.624257381493244,16.471640714260197,8.632932702508407,7.171062400662584,-36.53834326456374,43.70940566522633,421.4737297227813,-37.40644577089703,37.40644577089703,38.27254305099726,8.096009287258633,-17.901493803586888,-53.6571995388564,35.75570573526951,394.8699514369192,3,S7,160974,161229
-67.2336363594974,77.8868944171901,84.20071275148055,50.68923129951972,50.30689533702032,-127.19487491643176,177.5017702534521,599.7832556740282,-23.53067327464025,23.53067327464025,24.64277743986589,7.319419047499215,-6.541519650063084,-42.21875316967914,35.67723351961605,368.3761545060517,1,S7,161355,161610
9.25402235168875,45.169948301298575,51.3780958902878,50.53782551343155,51.42534831366636,-112.46540709104217,163.8907554047085,513.35344118309,-56.54267796915931,56.54267796915931,57.99524745612748,12.89861603325751,-25.730279009591342,-75.17726761631549,49.44698860672415,327.15620804583807,2,S7,161619,161874
48.28653241295265,48.28653241295265,49.44789823987999,10.653892616053495,71.2720162210723,21.022141295755176,50.24987492531713,389.7290987579138,46.586623866901306,119.53804266615036,211.99556135224697,206.81345340605424,703.9680096053984,-76.48816241517359,780.456172020572,1739.6312083890973,3,S7,161883,162138
44.13686611719634,44.13686611719634,44.99337256883121,8.737312199431711,63.40646359918863,21.022141295755176,42.38432230343346,390.2792228981831,-55.15595057506209,55.15595057506209,57.44241459874503,16.045314303416582,-11.468839136397452,-80.53017076103673,69.06133162463928,386.5485502293195,3,S7,162011,162266
-60.81030076819437,72.47967538723641,79.1708889443253,50.69651838850898,40.20807293172302,-113.4900117548062,153.6980846865292,449.7329455014562,47.40348608067797,82.58852194339772,84.06138500344323,69.42064502794598,119.03822224076762,-80.81535932375213,199.85358156451971,530.3154017066456,1,S7,162393,162648
-38.04503774471087,38.04503774471087,48.28753884488357,29.73653494776525,-4.681918045383712,-119.02904847603912,114.3471304306554,443.7688699835064,-21.713700672391337,63.861312123205856,67.31937946464495,63.72137831697187,113.7659347223848,-83.09814379745859,196.86407851984345,566.4924070510797,2,S7,162657,162912
-31.01597738397148,31.01597738397148,32.00543430263039,7.896643072658139,-13.31094617866882,-48.32683409518776,35.015887916518935,311.0724735296365,85.49850946797872,126.49326565014998,246.03892794531544,230.705784373158,760.2162135467936,-52.62523092283925,812.8414444696328,1760.0562577650091,3,S7,162921,163176
-23.92206114308707,23.92206114308707,25.256283058111656,8.100297807973579,-6.204086542381978,-40.07466765045506,33.87058110807308,388.2642613647813,-33.15054744228599,33.455784606154,35.7163807024933,13.292894897733223,17.271585869419305,-53.7060398059679,70.9776256753872,383.2657474185608,3,S7,163049,163304
-15.36934050145699,16.37985045430938,18.889771589997707,10.982114699481068,7.636049813011362,-38.00105528140234,45.6371050944137,542.3243501412269,-34.71838733110497,34.71838733110497,35.82066463911094,8.817799970231958,-14.106972333234198,-53.7060398059679,39.5990674727337,461.403982634095,3,S7,163177,163432
41.73791230566006,49.55948450309239,86.06123276363341,75.26275613582936,190.24575091285388,-29.223177636462328,219.46892854931625,595.6957600614207,-31.52741061394436,31.52741061394436,32.33833918556386,7.196565935244613,-17.69443688190519,-47.57382956391943,29.879392682014235,376.4856957612676,2,S7,163694,163949
29.93641626030505,29.93641626030505,31.512154322323347,9.840063593476684,57.53836696195546,7.941235433369708,49.59713152858576,470.7000335960389,75.1374441432965,135.6977626188667,250.4494881305328,238.91276774684704,781.3297503113805,-66.03232074721133,847.3620710585918,1802.946246259461,3,S7,163958,164213
31.744585703106356,31.744585703106356,33.73379563155128,11.412722998890503,55.798305656227846,7.941235433369708,47.85707022285814,472.8061951351914,-44.84056105339802,49.455600247866016,53.28708861718716,28.78954493757139,92.18156804197451,-85.69717580919435,177.87874385116885,488.4016518315243,3,S7,164086,164341
29.737114319050136,29.73969013346308,31.92469333416657,11.61421871915294,55.798305656227846,-0.3297042448568975,56.128009901084745,409.1886808374056,-57.91148586141824,57.91148586141824,58.64040482972513,9.21720586277673,-35.489544755006946,-85.69717580919435,50.2076310541874,472.042378851405,3,S7,164214,164469
-230.9986160942363,237.88006273856683,258.9896451896353,117.11223538982092,30.186212619672368,-307.4233487446336,337.6095613643059,701.2524497700952,-19.898788531981246,21.564456445740017,27.925061393346457,19.592020538516703,15.891914458035972,-61.14892157431346,77.04083603234943,392.0844335692189,1,S7,164488,164743
-5.058269878404815,17.057604916441992,20.892203814815986,20.270621255329942,38.58934316969087,-39.34960642166374,77.9389495913546,515.2282744059676,134.1178202673534,154.25542118385448,293.7366785954325,261.3305313946503,854.6403849307085,-35.36608505323184,890.0064699839403,1917.5708541910367,3,S7,164996,165251
-29.2874365687446,31.82704469320164,36.1595954625928,21.207602487082877,25.9615050888345,-59.43875816438205,85.40026325321655,361.0323818633789,-4.0807880655812045,26.47211937400972,34.867226365879866,34.62759944341101,139.4263779745664,-45.23972211171056,184.66610008627697,462.8035389215835,3,S7,165124,165379
-38.21750339380336,47.90438368425725,50.05682623800101,32.32813461005839,88.3215656593693,-66.05231136279187,154.37387702216117,411.4103714270306,-21.11099729520263,21.11099729520263,23.61191304544112,10.575832395959182,-0.0150776554740704,-45.23972211171056,45.22464445623649,380.4464596346466,3,S7,165252,165507
258.19504017794065,258.19504017794065,270.7098829269595,81.35823217007446,362.0860448406915,64.65108348806739,297.4349613526241,784.9698967625995,-64.32792141404971,64.32792141404971,67.04778678533991,18.90302196370326,-29.92454598880509,-92.2567490355832,62.33220304677812,379.0851415786635,1,S7,165526,165781
-35.953946861360144,36.07531465752415,41.24223448678374,20.204841265235032,5.530264712770345,-79.6417204311541,85.17198514392445,415.02512020889776,71.92925040439513,131.8190107962244,243.75359831983897,232.89911899818603,784.4816427727346,-74.26703608247966,858.7486788552143,1871.1401788473136,3,S7,166034,166289
-3.853381313073223,19.316399171112053,22.466214476724115,22.133283655396145,43.713098141849386,-47.15077708278236,90.86387522463174,478.2274064730721,-36.60944795636379,61.0722388786874,72.57294187675751,62.66243063413288,303.1942127367426,-82.08875440262089,385.2829671393635,628.4443145179973,3,S7,166162,166417
12.449156844773956,15.13276662778645,18.42044405003688,13.576864617972625,43.713098141849386,-21.540149451326428,65.25324759317581,518.304144582116,-70.49414425338487,70.49414425338487,70.94849036571789,8.016477478127651,-51.02911644670469,-87.97869577442991,36.94957932772522,351.89556906825703,3,S7,166290,166545
-219.1063240256124,233.3791020630975,266.625674441611,151.9265251476097,37.013848482971625,-336.166344033285,373.1801925162566,709.2750900341189,44.5888454874967,90.11302056073512,91.79087792134618,80.23341029560954,122.81854685880108,-97.69980594603544,220.51835280483647,493.4089871007004,1,S7,166564,166819
-26.47543964226327,90.15164165499584,136.27715017380916,133.68063717398945,59.26195488290622,-318.38652565780086,377.6484805407071,688.5952645578221,-47.94787079243718,84.17980335921064,85.99376645401422,71.38577978434705,111.2139342717488,-116.70745696952648,227.9213912412753,541.2260152042932,2,S7,166828,167083
69.36485780132546,69.36485780132546,70.59962415554077,13.14623265827562,93.67184528622975,31.52277190924852,62.14907337698124,405.1048206980776,69.42834642157078,120.9325778239201,232.5311231772146,221.92437441440111,753.3134497079769,-89.27190829975615,842.585358007733,1824.90386887124,3,S7,167092,167347
70.9808045182223,70.9808045182223,72.33068585212321,13.908756442775468,93.67184528622975,34.94416155928583,58.72768372694392,373.0930483392288,-9.275577057534326,16.321838739920896,17.460026755285977,14.792437410550196,27.58118988467601,-28.35243606752976,55.93362595220577,416.3841405361191,3,S7,167220,167475
-37.42475218179257,65.53191316802116,66.31614236788559,54.74685984318262,82.55738363036642,-78.84298414145299,161.4003677718194,409.90405454523903,-43.79310727669919,44.29932188932517,49.14448177079413,22.301207222288053,13.630818024144403,-73.00471156050445,86.63552958464885,389.8356006738613,1,S7,167602,167857
21.027598485933357,52.65406956341299,55.07665710225612,50.90459959054656,84.40221773930799,-74.15840466446416,158.56062240377213,458.4566031740864,-22.350947514829,23.4883011204674,24.854728480735535,10.871645369512631,22.80350463817149,-41.34062898849555,64.14413362666704,450.0574230070716,2,S7,167866,168121
71.54744230747485,71.54744230747485,72.7484544333744,13.16438839078027,106.03137734847026,38.38553796640054,67.64583938206971,508.6200353026291,63.31324077043512,124.20473449066633,226.03767770682808,216.98955109921957,745.8888569113149,-71.81400911254694,817.7028660238618,1907.810860163628,3,S7,168130,168385
79.14730456285474,79.14730456285474,80.16772501106676,12.750227993441262,102.25404491105796,50.97513427874652,51.27891063231146,400.5756136451331,-44.77421790048046,44.77421790048046,46.475656138881554,12.46017756453952,-22.811764646432906,-71.81400911254694,49.00224446611404,511.69049939296735,3,S7,168258,168513
-186.80840340301197,215.4632795995141,233.0516262701862,139.3401626423484,79.08348600977841,-289.77015429742806,368.8536403072065,853.5349090035293,37.22189813514037,71.12356782529761,71.91785199725854,61.53623107663337,89.83785555765245,-87.74593887479112,177.58379443244357,502.0157164432522,1,S7,168640,168895
-31.9904532119455,114.27085822598325,145.72720451063842,142.1725326417862,80.08875082517027,-278.5708602656949,358.6596110908652,712.5852185963113,-41.21563170589676,77.14069685814772,78.70888740120137,67.05490779218829,82.77385496515375,-100.08287687215828,182.85673183731203,542.0916419981293,2,S7,168904,169159
36.49210957596259,36.49210957596259,41.73957932969834,20.26125418911969,74.13167242690888,2.6164645350149187,71.51520789189397,448.7031903537877,66.11237350170836,138.2993171660982,241.0524391535768,231.8090431623828,750.0240793988283,-83.17561533364143,833.1996947324698,1793.656098424648,3,S7,169168,169423
31.358593178230095,31.358593178230095,35.53351561412086,16.71135439697308,69.94831774870678,2.6164645350149187,67.33185321369187,467.0040073837607,-26.82716496391321,34.04535925369438,36.89232498359547,25.32482700225632,116.7230482236814,-51.2891791349604,168.01222735864178,485.9924685030362,3,S7,169296,169551
13.014922188640522,18.32435093234945,24.7629686225465,21.066950786121257,56.44590922592597,-14.71747502615333,71.16338425207931,441.8431415791231,-29.246047016026665,29.246047016026665,32.84161483318161,14.94123150170066,-4.263597952043168,-63.684148784318616,59.420550832275445,372.0991436874868,1,S7,169677,169932
5.773144673672633,9.058028989394549,10.831727635007471,9.164994497315854,21.531297196362267,-20.04536647995836,41.57666367632063,361.34933167412254,-24.21883626435724,24.42764191955308,26.053277400434908,9.60318870502226,7.375117131926814,-41.37383089721824,48.74894802914505,408.4987663085003,2,S7,169941,170196
-16.17137462409396,27.63419290657006,33.08601199808985,28.864698728809824,34.970228480946936,-75.43080636459015,110.40103484553708,517.2546405879059,74.10790891331659,105.34614042885104,219.12298801642476,206.21081861469293,745.8047709056741,-43.2711782691071,789.0759491747812,1791.4436113308257,3,S7,170205,170460
-44.30834439207351,44.30834439207351,46.8192881514298,15.12667710503608,-7.682959317932975,-75.43080636459015,67.74784704665718,473.7056022269942,-20.644821941944127,22.26410142368671,24.38604248030731,12.979614587374122,16.78431621560391,-43.2711782691071,60.055494484711005,454.30548789136174,3,S7,170333,170588
-51.07053156447807,51.07053156447807,52.127947941030286,10.446231964895889,-25.523900259661588,-80.97482468222601,55.45092442256443,497.7329542516246,-13.498442312858645,14.72950283917995,16.613027055439193,9.68425129120378,16.78431621560391,-34.425035890469935,51.20935210607384,389.51089438833446,3,S7,170461,170716
0.974833578558858,84.81449114905878,92.86960122966812,92.8644847724451,154.50735313937477,-97.24896446053668,251.75631759991143,650.2341490484175,-17.04722597658068,18.97023095597743,25.831419667393277,19.40758430450284,10.045087217469352,-58.10036249109024,68.1454497085596,340.422327479408,2,S7,170979,171234
-57.721290705351166,57.721290705351166,58.38698054821358,8.791592395340677,-41.06897875184797,-79.91953755819776,38.85055880634979,479.7159409669417,91.5982824579104,110.08507221232956,217.36506190289853,197.1226135855848,696.9897612895207,-48.51260866909493,745.5023699586156,1649.3611599790963,3,S7,171243,171498
-60.37732857597338,60.37732857597338,61.2030871431414,10.019783923813325,-41.97882299431146,-89.8007294815139,47.82190648720244,454.8383713615908,14.419607170738416,14.943498934378075,21.10669739189377,15.413228209384457,87.81528357320498,-10.140202914331784,97.95548648753676,381.7597283035423,3,S7,171371,171626
-72.25457356136886,72.25457356136886,73.19205637320387,11.677059373103736,-48.03374092485912,-97.008838129209,48.975097204349886,384.896071473947,14.844631418775943,15.3319086992334,18.35285860539877,10.791864390847849,37.83282465043781,-10.140202914331784,47.9730275647696,335.6311308633399,3,S7,171499,171754
162.3498413765921,186.26503772010116,195.14029146973812,108.26939715307245,249.18783810365264,-86.78475397870264,335.9725920823553,619.1615749459461,-50.905923629237485,61.74683139128464,64.4242269015681,39.48503452346183,42.57743922554798,-87.78842961262683,130.3658688381748,410.9328283585007,1,S7,171773,172028
-51.78298136229435,51.78298136229435,53.12867391803082,11.881869950505486,-29.10793143683889,-91.23182953966534,62.12389810282645,437.82039863148566,28.11856190533861,128.4616053345065,211.60660281630456,209.7300665899692,715.2081249662278,-88.40129122919885,803.6094161954267,1789.4999785396412,3,S7,172280,172535
-47.29582265983548,47.29582265983548,48.78034416396681,11.942660326930644,-13.08641613648108,-69.1457610114382,56.05934487495712,378.3797421682634,-18.670639000248656,92.98938026338816,143.2757600930762,142.0540413700755,682.5289773474398,-91.09772086183858,773.6266982092784,1021.9652422022928,3,S7,172408,172663
-35.49948364674887,35.49948364674887,38.469639168629335,14.822273731744042,-5.3493728401181695,-63.450721103035605,58.10134826291743,388.3954237986535,-65.29938627999351,65.29938627999351,65.95027996201232,9.242812262725906,-42.555101138024014,-91.09772086183858,48.54261972381457,441.1048127037778,3,S7,172536,172791
1.106788778540932,12.788439454927344,15.633882206573173,15.59465586182334,33.84298348555952,-39.71452403013823,73.55750751569775,432.5463599718752,88.88088071709595,99.55935830068636,105.93827455858867,57.64639675993877,141.69113657421633,-45.382877580210746,187.07401415442703,484.4405011055737,1,S7,172810,173065
1.2353561881314523,10.073788745892276,12.15374041446236,12.09079406617204,26.716591786731364,-18.05790063049633,44.77449241722769,402.2716987946459,2.4969938076430545,49.45495212537903,61.57555202203312,61.52490250900605,126.78108391320028,-47.853779349900165,174.63486326310044,473.1172453380652,2,S7,173074,173329
-14.333750382182078,14.425076798696445,16.11553832539746,7.365743377192116,3.800060940490258,-34.39337779924723,38.19343873973749,355.20352044512055,65.08919870981552,118.9465668626422,230.33917910988748,220.95142824686823,757.6277285630737,-67.29775340104246,824.9254819641161,1900.17902480275,3,S7,173338,173593
-25.72073329385246,25.72073329385246,27.49653977127199,9.72129508962936,-8.642053588835246,-47.75173635167947,39.10968276284422,349.8696752392442,-32.0065020681867,32.0065020681867,33.58715043058423,10.182362172200278,-4.681674526575107,-59.52246481380942,54.84079028723431,394.145145118173,3,S7,173466,173721
111.02308874706983,133.23750302041557,145.1019355145582,93.4261497394132,196.29596381015455,-56.92091438679616,253.21687819695077,607.2030173305983,-100.742561036363,100.742561036363,109.8510034958485,43.79702461217652,-17.875636627294483,-148.72809771911454,130.85246109182006,457.1481038262378,1,S7,173848,174103
14.01424317361907,49.18431833004461,78.96926134098193,77.71579778276084,202.70083775765733,-39.71345345780188,242.4142912154592,528.5396548551823,-23.729538341929235,28.37246662110805,48.17559873495851,41.92609358801087,21.32348901444224,-123.99283897324864,145.31632798769087,485.9089790506659,2,S7,174112,174367
-24.156559645078005,24.156559645078005,26.223687360750496,10.20501861380832,-2.760141656775014,-54.65604869663095,51.895907039855935,456.9292879268093,94.88263929080978,105.57220591642968,229.1712292635753,208.60665637363607,769.6283795587512,-23.887157644504743,793.515537203256,1794.8972063004294,3,S7,174376,174631
-29.00259325956778,29.00259325956778,30.65207151310797,9.919630651630047,-2.760141656775014,-51.565840272661504,48.80569861588649,366.5212610837319,-0.1372476263449513,7.230789440173892,9.03797105948397,9.036928900966991,22.22533923773424,-20.88995456654385,43.11529380427808,314.3632294423258,3,S7,174504,174759
-2.142611108136782,16.866321334420437,21.26993282024183,21.16174047229786,24.321607561160583,-55.95720456051488,80.27881212167546,382.7669775138441,16.161139023224415,16.80733755261486,20.63506338762954,12.830566101443148,54.9707561822376,-11.345938497132918,66.31669467937051,389.1991668239153,1,S7,174885,175140
-41.78924892773054,41.78924892773054,45.40559245122301,17.757435059792034,-6.319619962879063,-75.99236356306402,69.67274360018496,443.7553347665175,-50.57697333181826,50.57697333181826,55.8081833692754,23.590741819010525,-0.566945348313119,-85.4809561133078,84.91401076499469,391.1331712727517,2,S7,175149,175404
-42.65924396281145,42.65924396281145,44.974490890607065,14.244077203898907,-12.807169114391462,-68.4873604551265,55.68019134073504,448.8932583258578,86.46809586435417,119.3564494728333,236.2385144710652,219.8451821557355,748.6578746110489,-62.03536193702293,810.6932365480718,1815.2755223656825,3,S7,175413,175668
-19.929179589958604,25.19960634645421,28.679100212823112,20.62325362032693,29.63443926866881,-51.59111651067769,81.22555577934651,618.7989792443252,-29.50914926171504,34.28305061163073,40.40750374311182,27.603921254043208,37.79419704041444,-79.58186424389474,117.37606128430916,514.9911955985558,3,S7,175541,175796
143.1449562123933,143.1449562123933,155.63021226818876,61.07605489546204,211.8291920644533,0.8133254055393607,211.01586665891395,598.3629289668565,-63.4694261366403,63.4694261366403,66.14128461171869,18.609177197660724,-12.23068794480037,-105.3897045337286,93.15901658892822,415.3329259371908,1,S7,175923,176178
23.93139448664137,36.37505785162536,69.350550383403,65.09060758977189,172.8326419196646,-25.636852906180803,198.4694948258454,539.2156182921548,-72.56701198892702,72.56701198892702,86.23096096620604,46.58119148491449,-13.239103050875924,-145.87491597451634,132.63581292364043,415.6324998954788,2,S7,176187,176442
-12.948110026831534,18.193402164418643,22.41390460324766,18.295616040367463,15.47937734398466,-64.63723273771555,80.1166100817002,434.72944717204064,150.42781544729496,164.1045940305598,296.8085481322371,255.8647818362681,815.0320721382586,-49.15008786060744,864.182159998866,1838.755951817515,3,S7,176451,176706
12.53487435999916,16.616676220283217,19.92027281970806,15.482060392293896,46.546979578478485,-20.22323350686268,66.77021308534117,441.3888409843029,16.62081449724416,17.912401381021425,29.325130962779,24.16012896141777,129.54782179283922,-13.502859033318815,143.05068082615804,420.3100759219873,3,S7,176579,176834
32.422445989301536,32.422445989301536,35.43974375760669,14.309452598742114,64.2454835603207,3.2943314643681627,60.95115209595253,494.6728298771154,-3.821827679436944,9.287665747979528,11.834301097108392,11.200192661097867,15.775865350920116,-30.419657075576893,46.19552242649701,334.4944796115734,3,S7,176707,176962
-6.26917040902002,134.66046643706972,157.75326846280348,157.62864972167975,116.31817744269532,-286.29564818309586,402.6138256257912,684.799452155985,-37.26412592793225,56.10427154041832,58.58459034934555,45.20552118080091,54.06602978080604,-88.56358544495991,142.62961522576597,394.7857021624992,2,S7,177225,177480
61.6125095480204,61.6125095480204,63.301022059524776,14.52301831492125,95.20165336653668,36.32088791209385,58.88076545444284,399.63696827269183,49.46764741046782,115.82696065730612,209.0317249337065,203.09410106754544,713.3483771141022,-74.98786248756146,788.3362396016636,1787.759628998995,3,S7,177489,177744
51.29008563308012,51.29008563308012,51.867250928043966,7.716141171854422,72.46775154039872,35.104891752220375,37.36285978817835,360.25862872550044,-50.51169661560103,50.51169661560103,53.4270522480116,17.407424189846143,-3.308190095502142,-81.14428878519159,77.83609868968945,391.9460954128832,3,S7,177617,177872
53.26146138770619,53.26146138770619,54.25935304402433,10.358287677118986,89.34213568327996,31.24717892922639,58.09495675405357,447.56240420142376,-67.8856527195923,67.8856527195923,68.38552536525005,8.25337714612436,-45.14811303889334,-85.62133209707915,40.473219058185805,381.49591865414334,3,S7,177745,178000
12.59553812693327,15.719417072763736,19.835752411850468,15.323494804945838,53.24904749498775,-21.569552097775095,74.81859959276285,584.8349320402974,-74.62242158940037,74.62242158940037,75.00786360926739,7.594326787823531,-49.05591698401672,-86.44605126238089,37.39013427836417,315.6305224255532,1,S7,178019,178274
-11.832908473140904,17.805143646623158,21.477361083268452,17.92370821474632,35.42662464810349,-48.41279711536472,83.83942176346821,573.3855477756911,136.26126999432628,138.21715122500106,251.7796281591624,211.7211549550479,789.3112842920069,-15.525159662291465,804.8364439542984,1742.8831767659203,3,S7,178526,178781
13.385195092801013,22.52807974680013,26.61352054786268,23.002522215599857,54.74233037435607,-44.27730933732256,99.01963971167862,485.10666931528175,47.49129017766947,47.49129017766947,65.03542203244128,44.431784526374166,261.2297282630286,4.562081136061524,256.6676471269671,505.2970167061479,3,S7,178654,178909
31.096475644621307,31.096475644621307,32.75217064952309,10.281725766570288,54.74233037435607,3.519286916126994,51.22304345822908,470.46824341795127,16.94126714049757,17.16434867010395,19.085292055314884,8.788733726252195,37.5796798995126,-4.861488297465888,42.44116819697849,389.108859072138,3,S7,178782,179037
-93.78821925516736,111.0753017515278,120.02786283844208,74.90298916938174,46.77805797663184,-150.54420499692955,197.3222629735614,487.7797867270164,17.98649268088056,30.82045737990951,33.0194710645666,27.690640123052077,64.73256905538261,-48.28526330782604,113.01783236320864,533.5502706375305,1,S7,179056,179311
7.853500944345964,57.429938465494985,68.63969956988137,68.1889351725097,62.019980138342376,-159.572271110014,221.5922512483564,511.0752433281111,-61.9944914518621,66.30658877956245,72.43198796077688,37.4576548862195,25.211220498684167,-100.33588595677426,125.54710645545843,423.2239699339037,2,S7,179320,179575
56.65185206478614,56.65185206478614,58.68287522393795,15.305146264503849,100.14141636735154,27.31282662039781,72.82858974695372,407.6960948295472,35.161637376767736,144.26402704510667,223.0884000080342,220.3000078872658,684.7456564485747,-100.41736407535775,785.1630205239325,1731.655609338054,3,S7,179584,179839
69.822033703632,69.822033703632,72.19635276289021,18.36292356223708,100.14141636735154,27.31282662039781,72.82858974695372,467.95597985534096,-81.0232281904464,81.0232281904464,82.41668216288149,15.0912554923796,-26.923359888156934,-105.71803498100454,78.7946750928476,328.6896760009151,3,S7,179712,179967
-76.97745348938122,99.33568790110763,105.00251798147848,71.4142873432261,72.51751063503379,-148.91464464132187,221.43215527635567,584.3849048042225,-27.229287188054787,30.04193885153408,49.50993927191848,41.349728003210494,13.269378286437025,-117.10137376708111,130.37075205351815,397.5225663753716,1,S7,180094,180349
-40.40025535714703,40.502038777855255,60.55452788905567,45.10731886228369,2.8778227887237517,-153.38017065175762,156.2579934404814,536.6037804831241,-34.27713971268412,34.84098694055797,39.64690123423514,19.92371628472785,7.718320813431011,-66.10213988479904,73.82046069823005,374.2104354001287,2,S7,180358,180613
-39.20602178196848,39.20602178196848,41.36415754652557,13.186409123245095,-9.869660932201622,-68.2251740945409,58.35551316233928,443.9696273259359,261.9173052719804,279.1788998873409,404.14569150376207,307.7873700464628,849.6962133756082,-49.421746143223736,899.1179595188319,3185.6456813826003,3,S7,180622,180877
-49.50342905883984,49.50342905883984,50.61117835560048,10.53099643712854,-25.5242232324012,-71.0910232991463,45.5668000667451,437.962502885924,110.57844552271098,155.5796878137099,290.990485832235,269.1614203979853,849.6962133756082,-60.0249767556817,909.72119013129,1765.1446802582736,3,S7,180750,181005
184.1894978896202,214.5768704034121,234.00756042340856,144.33907025640983,300.7458709517758,-81.20524749465459,381.9511184464304,878.9885264918056,-66.85356396844779,66.85356396844779,68.22443113835322,13.607864963636358,-23.290120972343736,-84.94388854273176,61.65376757038802,405.0478940299252,1,S7,181132,181387
38.45864455884898,75.55863474087258,125.0200127370552,118.95770779344043,290.157481307242,-45.327550890799984,335.48503219804195,668.411981173318,-73.91059141674688,73.91059141674688,76.1692431108661,18.411357160973346,-32.07159595572544,-104.3283846817675,72.25678872604206,328.42736020490804,2,S7,181396,181651
-21.25540910584337,24.066223333435147,28.97566191680418,19.692551060240195,28.976948224848098,-72.44614995653447,101.42309818138256,655.223420692367,99.37802820678128,134.33537396632025,257.9156279391119,238.0010055545115,776.7983769723382,-49.09805680831376,825.896433780652,1830.1556954689995,3,S7,181660,181915
-12.29885416915504,15.573140473358936,18.2004565793694,13.416214288068325,28.976948224848098,-45.15161090916857,74.12855913401667,600.9048142727931,-34.89337566386611,40.03003383478296,44.14204559122842,27.036503541663905,55.22831659483018,-67.03635360450511,122.26467019933528,371.4898642423637,3,S7,181788,182043
-139.23466592685062,141.00826216279722,163.8600349426089,86.39339590287737,17.27334380925869,-222.40796320351564,239.6813070127743,601.211641255975,-49.4726656692378,49.4726656692378,54.62419293239605,23.15724087829649,-16.003753077786985,-97.39244991160606,81.38869683381908,390.92337321469057,1,S7,182169,182424
4.568764711341846,31.194336534748103,52.20241785539746,52.002103985915,50.19345325310693,-191.95868858108088,242.1521418341878,601.8131576879284,21.866025841699287,24.763565820313644,28.364422308993003,18.06702429325424,50.445829608787264,-28.061417694354205,78.50724730314147,382.2530412044076,2,S7,182433,182688
31.439701434292477,31.45426535636865,33.50594622437187,11.584196394789192,54.39495803013824,-1.06802587949004,55.46298390962828,439.22176130047416,118.68377922304413,118.68377922304413,248.22140785010757,218.0092380254221,831.1368451876034,6.039778627106502,825.0970665604968,1804.591254449122,3,S7,182697,182952
26.394950998563186,26.394950998563186,28.115860350108832,9.685461527994947,48.3531273336725,5.704303233407449,42.648824100265045,344.7192655950266,-2.9012661495491594,18.265365267544517,20.88553057011856,20.683037541058543,30.21911351359428,-42.54946559770576,72.76857911130004,282.5295506016517,3,S7,182825,183080
14.384355324777344,16.8261693903912,19.92602842890799,13.789014861120393,40.849128823105374,-10.383740826630437,51.23286964973581,298.5881193590102,-25.94854930174352,26.67520450125363,28.89758945185261,12.717840432353643,8.773545712432119,-45.47239773828827,54.24594345072039,339.1353914737708,3,S7,182953,183208
16.77841809537182,17.899825748275575,20.77136011235364,12.24475753675732,41.47213989061986,-16.503717889399944,57.9758577800198,508.0906006467711,-42.84313222665601,43.35863323862969,58.30273950436943,39.5433364136567,9.865717866885452,-117.56671348101342,127.43243134789888,537.3357958166212,2,S7,183471,183726
3.233856261112608,10.608333836617373,13.342776534594751,12.944954976151717,37.17507805897228,-23.886680987484525,61.06175904645681,537.3815296643328,105.55017168765372,116.11427374714104,241.35799863086072,217.0549348893072,746.5774297226944,-24.15698459955851,770.734414322253,1726.5143843592316,3,S7,183735,183990
12.849613662648538,17.21274023216682,21.174358608392374,16.82976206597932,42.16747412868382,-22.088550773576618,64.25602490226044,531.3840912164508,-0.3898069250878024,7.988989738147984,11.800178038729754,11.793737842892456,40.63595858007439,-19.867022815870605,60.50298139594499,375.4729222233372,3,S7,183863,184118
38.738368305219694,38.80377413388932,43.15408915080796,19.0161571166477,85.86814309391553,-3.1701263311013466,89.03826942501688,417.653613914321,-3.2553307919073475,6.038150034853953,7.610216602462416,6.878823894508019,13.13670972357139,-19.867022815870605,33.003732539442,389.93081007245473,3,S7,183991,184246
-69.50277771035633,101.00053191693311,104.63900144755316,78.22202064946818,77.26236550517902,-142.94832188146248,220.2106873866415,590.0672837505492,-76.12826117008828,85.18213748586638,95.58531065765489,57.8017254477686,30.179940556432832,-133.89972768150065,164.07966823793348,527.4043658339453,1,S7,184265,184520
-13.287724840691672,13.514401763446482,15.35252882907823,7.690026658324634,6.1442080045207765,-30.839707730516334,36.98391573503712,357.10814511293154,152.2118962565773,152.2118962565773,290.1034129576858,246.96463076253357,845.4149136674356,5.756287655380469,839.6586260120552,1858.3821527010327,3,S7,184772,185027
-12.039984279623711,12.477691717224836,14.00920164482127,7.162158143442298,7.610492810553012,-28.758326613052063,36.36881942360508,310.56864713005945,30.828159171967005,30.828159171967005,38.16969828709431,22.506676107228195,156.9267704968869,8.771513892224117,148.15525660466278,426.1896259666617,3,S7,184900,185155
-3.7986814882109328,7.937759201237091,9.293811872647687,8.482037377616932,21.498633928898684,-19.07793076001524,40.576564688913926,410.6718136172124,17.69335406010109,17.7109165401464,18.958897852343927,6.810655613046042,31.71942424280252,-1.1649991015749968,32.88442334437752,333.06874943062235,3,S7,185028,185283
48.215379421066544,48.84917079166358,55.153469811555865,26.780261752581826,83.96613095988596,-11.083119732607496,95.04925069249346,458.3618293423396,-87.5177577609748,88.74241038150919,100.73033134103952,49.87225409550831,12.178082702837326,-130.91784735879313,143.09593006163044,418.5723099432602,1,S7,185303,185558
-8.553577006572464,24.11671655752224,29.383041028209743,28.11048595200894,61.27707498823795,-51.24139085880262,112.51846584704056,389.4907528454284,-50.15751569275186,53.261837936211776,62.08530781760499,36.58973990530835,83.39162341184608,-118.99129706772092,202.382920479567,567.6779409432265,2,S7,185566,185821
-38.0488873831172,38.0488873831172,39.5950064604479,10.956582747817617,-18.29721982869677,-60.45643636022153,42.15921653152476,378.0723170013681,60.223870880477016,79.17348196217608,200.09633776383927,190.81831610899437,776.6617362952896,-32.87624781793187,809.5379841132215,1125.005009731194,3,S7,185831,186086
-55.00541040704147,55.00541040704147,56.89188990215604,14.529004184457316,-20.955274299522703,-78.38799847283936,57.43272417331666,383.084245727896,-18.6316517918142,19.404735424128106,21.94200471812314,11.58935384560868,9.32272741812457,-35.981966395065875,45.30469381319045,337.5454796445182,3,S7,185959,186214
196.2706829026554,227.8558934033459,243.0377452573809,143.33584566575408,290.2883541143509,-87.92045524679541,378.2088093611464,689.8920264040792,-8.169505770805968,13.562870716138969,15.928377368882964,13.673784445657718,28.980759189950728,-34.60734563484637,63.5881048247971,397.20697704168543,1,S7,186341,186596
18.43476551862616,103.45543673349404,138.44357033177667,137.210719648586,299.2286498802552,-78.28888120193116,377.5175310821864,705.2587817415828,-26.07043552241633,26.741787485829683,29.24235307002608,13.245663620355016,10.95782604792478,-45.77629205815612,56.7341181060809,340.27262925280536,2,S7,186605,186860
-47.606817143518114,47.606817143518114,52.73946312119235,22.69453528440796,-10.12864478833918,-97.95203999641814,87.82339520807895,453.1289563163242,70.91100093089577,126.12091844124686,237.27044061100688,226.4263499125485,781.7076429733847,-66.84000843986517,848.5476514132499,1843.94460680627,3,S7,186869,187124
-10.464029964100115,19.46195183004818,23.54657596696549,21.093726950884992,27.228491258753163,-54.0035254644701,81.23201672322327,391.7749378440246,-57.770219021281584,57.770219021281584,59.84102323951412,15.606083960597685,-23.53639336334354,-84.22804274212398,60.69164937878044,317.3302274481274,3,S7,186997,187252
-134.08565945205416,153.70706198709115,172.89175045702504,109.14482720405024,51.86381412356644,-236.20409750938293,288.0679116329494,598.8071061311774,20.189067206387683,58.76191605984612,60.12462375760206,56.633664434938055,97.90202150572512,-75.9980733813458,173.9000948870709,542.1700794514527,1,S7,187379,187634
-50.64048928427388,84.18910275807087,113.83931257378252,101.95552918954762,58.93758005077176,-201.03752595793424,259.975106008706,587.5064617915639,-10.071091989689734,64.13518702714612,65.35048546003219,64.56979987577077,89.35604064019788,-79.09246909646836,168.44850973666624,487.4465453453852,2,S7,187643,187898
3.2353199667956543,10.449250239978303,12.501374631548474,12.075474002737,25.10410164490776,-32.14005107775102,57.244152722658775,379.97321735705833,110.24102693308892,129.85381911409127,259.20865117702874,234.5976147060164,852.2299521202808,-53.54126582295523,905.771217943236,1912.0531676478608,3,S7,187907,188162
-11.82320099578359,17.497019275510603,20.43474790538812,16.66705853382852,22.311995104605742,-40.514995784876845,62.82699088948259,412.5399013320905,30.10009031852516,30.10009031852516,40.4650683339682,27.044524734025988,194.12643504153604,6.693464467390303,187.4329705741457,514.6011910977288,3,S7,188035,188290
182.22896155638543,205.40299228488223,228.54199247928963,137.92769082560997,285.7219289807142,-63.94712495405895,349.6690539347732,639.0369828481115,-94.41590216089534,113.9452413553526,124.95642712268308,81.85197675322594,67.47804313974032,-161.42763386775434,228.90567700749463,541.7140470477427,1,S7,188416,188671
70.05521850780536,127.57943300374544,162.92983619418007,147.09995881061965,271.2015884186536,-60.79877723523426,332.0003656538878,566.2583779467284,-85.338374678826,85.338374678826,100.55452575634796,53.18434409918353,-17.98218480815609,-168.40413482411546,150.42195001595937,494.0425231726929,2,S7,188680,188935
-28.59118960517223,28.59118960517223,31.78884805601992,13.89513359740787,-1.6554723539613163,-51.44641721874012,49.7909448647788,330.4104466997416,75.0480310084566,123.13689092587626,238.49641790586548,226.3809497190145,786.4361579560839,-63.16008452296223,849.5962424790462,1840.896600886318,3,S7,188944,189199
-21.368641345694023,21.368641345694023,24.25407830491513,11.473512167599369,-1.6554723539613163,-51.60663548036253,49.95116312640122,331.2282150191128,-22.81268809144486,23.912617953978817,26.29304150400392,13.07307513837974,28.898690437770004,-48.66254185218076,77.56123228995077,429.4224487825902,3,S7,189072,189327
-12.382257410669467,16.739598880482838,21.35286426766108,17.39610628413951,27.969640862476563,-51.60663548036253,79.5762763428391,408.6934183465988,-24.56013398848942,24.56013398848942,26.703641308419915,10.48257018083816,-3.591851877082937,-48.66254185218076,45.07068997509782,463.219952473888,3,S7,189200,189455
-21.689005528626,95.09904421475656,126.1626470104368,124.28435356012962,90.6020556310415,-250.43023801150457,341.03229364254605,676.8538892482168,-48.40199781152319,63.6721023996904,67.24433820314057,46.68027022449265,49.64238591768186,-91.37852715575082,141.02091307343267,469.7110793882868,2,S7,189718,189973
90.99470548192346,90.99470548192346,92.64492890946757,17.4082287122586,122.96554294995865,56.21319854964624,66.7523444003124,451.1315032981319,98.09213041194612,148.27020427419336,277.4767961865472,259.55983197173714,826.1879003609034,-72.9321917816192,899.1200921425226,1928.954431750181,3,S7,189982,190237
82.13324885689127,82.13324885689127,82.85424194101842,10.906642005346244,109.43852648399032,56.21319854964624,53.22532793434408,406.6686885315143,-30.7069506030427,32.97137729658342,35.47952428830139,17.773008422505853,53.11767298329551,-59.63002751946347,112.747700502759,466.2487430537528,3,S7,190110,190365
76.9577422865175,76.9577422865175,78.20066549661755,13.887043827821117,109.43852648399032,48.30005952439677,61.13846695959354,454.39868165445387,-53.91122494368211,53.91122494368211,56.15344568453518,15.709528551734142,-20.342826084121803,-81.72953451958757,61.38670843546577,393.7167200842368,3,S7,190238,190493
-123.20790626829589,149.42635398290966,162.0650453093599,105.28480775547676,62.8583930876683,-214.15820162561155,277.0165947132798,545.9901154394181,6.343142287508423,13.878898399743878,18.260478990837512,17.12336529118154,45.44064999985832,-77.83001874735184,123.27066874721017,458.9569502501058,1,S7,190512,190767
-8.654259872011131,70.76836318852482,91.561560587996,91.1516492630658,59.91732155579322,-189.1909472493521,249.1082688051453,614.9785998119346,-26.94496965858857,26.94496965858857,28.753616000363834,10.03688413772525,-6.120245699362085,-44.47163279383524,38.351387094473154,326.76600954130186,2,S7,190776,191031
23.75167299388263,23.775323297714053,26.96999069502268,12.776479486982192,51.7285605473314,-0.9573509918531546,52.68591153918455,374.3044325395744,110.77916700945116,149.9647527410785,287.5887546945573,265.39643551385234,862.6067692614752,-51.5957752733738,914.2025445348488,1970.4117104803397,3,S7,191040,191295
7.859188063605648,11.990282797836333,16.22397593293896,14.193327941447034,42.67214115315902,-14.173840462891151,56.84598161605017,314.7609168623886,-11.699498771982473,21.613163378705465,26.504910104905,23.78301890327374,59.611637715972016,-51.5957752733738,111.2074129893458,526.3000886756936,3,S7,191168,191423
67.4150889814232,81.00599387043127,92.28820137930168,63.02632697098357,162.63591780778827,-35.65365551639854,198.2895733241868,627.8917828423174,-80.05310312564049,80.05310312564049,91.9219134802546,45.17896477152816,-4.185147723025627,-137.29837894910736,133.11323122608172,435.3743534658611,1,S7,191550,191805
21.555282840660265,28.464748887152197,48.66808006135607,43.63429612721742,119.70043010092505,-24.660785230184533,144.36121533110958,404.8685271315569,-81.57875350955894,81.57875350955894,86.83959306754478,29.76612000183092,-11.110623023670357,-150.98204467368743,139.8714216500171,559.9266419803653,2,S7,191814,192069
9.64955811254526,13.041844032379151,15.13223603691065,11.656354306102283,34.29794528851896,-25.71881110618161,60.01675639470057,385.159071369055,70.58598384626717,151.81455991885616,264.3672983015728,254.7698712480094,774.8399219993429,-103.666354804689,878.5062768040319,1937.1672788247847,3,S7,192078,192333
17.09590484939401,17.09590484939401,18.48046464423597,7.01837665328116,34.29794528851896,3.558196847337053,30.739748441181906,422.13015596282327,-44.92219164476092,44.92219164476092,46.097684631893394,10.343753006180757,-26.36262085161794,-70.49106088360675,44.12844003198881,389.6858087159794,3,S7,192206,192461
-141.84094993084096,168.08951755623124,188.03915329161225,123.4498606452964,83.88830010354437,-265.357285515045,349.2455856185894,935.8896979886296,80.39370168244716,101.89740054351893,110.67528562045328,76.06491686028853,160.18104181167618,-50.80108445267853,210.98212626435472,564.7658345519143,1,S7,192587,192842
-5.451110513567414,115.42285684919416,134.03627547731807,133.92538421822942,96.91528445153564,-242.8071167615221,339.72240121305776,669.7889249998058,-1.519696113110662,66.93260631772455,74.26351359068411,74.24796276368477,132.62266122953056,-62.75027406027071,195.3729352898013,571.9061255365291,2,S7,192851,193106
85.48735534224946,85.48735534224946,87.25439679473125,17.471171586370012,126.73007606132394,43.53042751975814,83.19964854156581,499.2256819346154,51.01652350391579,124.80252707675528,224.73881760169584,218.87176717562895,750.3520382215178,-69.6243736579682,819.976411879486,1815.082036445389,3,S7,193115,193370
96.22276696575912,96.22276696575912,96.85903742909215,11.083873381787363,126.73007606132394,61.41865340623355,65.31142265509038,525.8995668669236,-59.25434555267148,59.25434555267148,61.6733026956413,17.103180947203878,-7.696149564322977,-85.68406676844178,77.9879172041188,369.30814788271584,3,S7,193243,193498
95.8411134275537,95.8411134275537,96.13389137276462,7.497069256535893,112.82131203325596,78.95682121405568,33.86449081920027,443.8070831448923,-72.96587725723126,72.96587725723126,73.30777185177323,7.071786899666677,-56.95541632006383,-86.02888749641328,29.073471176349443,388.96872575449424,3,S7,193371,193626
-1.7045264458866989,35.50940999051657,67.07821862273381,67.05655824149153,38.724188330640665,-270.1904986134283,308.914686944069,665.6319383795296,-65.35854517436074,70.81978357982622,73.52669128295794,33.68137324561527,47.40411992423057,-100.17416392174702,147.57828384597758,405.35141342387226,2,S7,193889,194144
26.46329615632584,26.6986128160411,30.43064483662246,15.02391765536697,56.14681036318756,-3.711538584330149,59.85834894751771,529.3258942789657,63.96529414971026,97.13980839912004,210.38405867514285,200.42428318187143,743.0971271152619,-69.01512037109478,812.1122474863566,1846.628162225772,3,S7,194153,194408
13.074451789793454,15.884222616160136,20.75838526850364,16.123562551495734,56.14681036318756,-22.95690259080494,79.1037129539925,566.0260966015929,-8.513139005419271,10.859474894758613,14.990604161641526,12.338746994951848,14.431802237952084,-44.21467401551765,58.646476253469736,399.4815248751167,3,S7,194281,194536
0.1175942505333633,9.58443306170282,11.75535204728764,11.754763857598808,27.747240482188804,-22.95690259080494,50.70414307299375,445.6360206144945,-16.198903453303636,16.888925974266513,20.45188564206472,12.484997125616024,11.496932590866512,-42.48323456259416,53.98016715346067,376.2888279873771,3,S7,194409,194664
78.83755476471755,80.05243582930235,89.6955243267436,42.77764653378693,130.9042885495024,-10.396484224849566,141.30077277435197,633.6251961955503,-18.1764134428858,18.460081386118915,22.97009908584877,14.044338587736728,4.972595956965838,-49.60384307465211,54.57643903161795,321.7952612022076,1,S7,194684,194939
13.354609441386875,20.73132029741772,26.368729401686384,22.73684887857991,63.5777337673354,-30.88368052755552,94.46141429489091,412.75421941075336,88.5013395402566,118.5835685004881,238.73226549066248,221.72191476235355,753.5554733499771,-36.56142211510203,790.1168954650791,1750.2205341812069,3,S7,195191,195446
41.7680544912415,41.77071699713043,44.95955242145752,16.63703633326765,75.90545320013813,-0.3408007537829551,76.24625395392108,411.5754121191408,-25.96670466988522,27.47762345806868,29.2450982941662,13.453847881643515,32.838956312992124,-44.69483364743028,77.53378996042241,320.8746085259715,3,S7,195319,195574
41.780676604697874,41.780676604697874,43.989249372828986,13.763325282742803,75.90545320013813,15.449288651786995,60.456164548351126,338.216546437858,-43.920410525591606,43.920410525591606,45.70974451054451,12.664054740988588,-24.37850732260052,-74.13443572788313,49.75592840528262,329.6659800656846,3,S7,195447,195702
-175.49790627957776,209.12503842403495,231.59664671202293,151.12078500238837,82.11748495704535,-298.41425062586825,380.5317355829136,826.6002611339036,-48.988573645228215,48.988573645228215,50.29680975858502,11.396873435172692,-16.76752878532958,-69.70680638554589,52.93927760021631,310.6576349015296,1,S7,195721,195976
-31.04083328479186,80.92395098697048,130.0069534934969,126.24687966696848,52.571729204780176,-315.37155561583444,367.9432848206146,696.2881714697464,-20.5769032458351,22.07348986500479,26.46096731330932,16.63652139022954,18.9236824523976,-58.62835207496492,77.55203452736252,401.5446850003962,2,S7,195985,196240
3.444030849503237,17.448572422596676,20.023367667966102,19.72495638206129,37.38469736800703,-37.02792462848758,74.41262199649461,437.54735080515707,140.07418476858172,140.1503335009491,269.92720100114303,230.73776587660868,831.4991475227823,-3.211685073460725,834.710832596243,1819.9688064773825,3,S7,196249,196504
-16.77010127790652,20.50191022658798,22.551438714098825,15.077502817261,27.408530123871408,-39.52976353853287,66.93829366240428,392.8713956150385,15.545377110229076,15.656566964588016,19.466305446849333,11.716582191526758,51.93423602770983,-3.211685073460725,55.14592110117056,344.9148012134516,3,S7,196377,196632
219.42989359072985,234.1667922028708,255.64417826826792,131.1658022550808,321.0949364365023,-55.914170503127394,377.0091069396297,806.3050617974247,-109.44621802596038,109.44621802596038,118.83745046182888,46.30188972473562,-0.5117410614751605,-158.3349377380518,157.82319667657663,511.4164516031741,1,S7,196759,197014
-3.2811826731993943,47.06447448717708,78.29215791603845,78.22337138870324,293.6924151147697,-53.132991469643486,346.82540658441314,769.034253375225,-69.62053845637108,69.67957261958486,74.50324160932435,26.527601386901047,3.246314499766891,-141.63355013375377,144.87986463352067,526.82778845593,2,S7,197023,197278
-51.3830136961169,51.3830136961169,52.11281937958798,8.690906005372732,-30.84193858093835,-66.59763482070801,35.75569623976966,426.0839101234513,72.86613088002471,135.55282730973417,247.24264268545693,236.26140466158165,780.142655210921,-88.88976779742944,869.0324230083504,1972.2598240756947,3,S7,197287,197542
-46.3204911606708,46.3204911606708,47.36319256542623,9.883527134776582,-27.65571195797413,-66.59763482070801,38.94192286273388,379.6541629442531,-46.10647834882493,46.10647834882493,47.6232892228152,11.92352006201376,-20.207048270382387,-73.93719713388165,53.73014886349927,436.0875103227935,3,S7,197415,197670
-32.593218394793695,32.593218394793695,37.257164579443774,18.049333150259105,-7.600598816805201,-75.98363253120614,68.38303371440094,403.9141792954735,59.54909953685041,62.31135893593611,70.03063695527179,36.8536952924854,134.60605953532198,-16.57178021547192,151.1778397507939,524.9978224693891,1,S7,197797,198052
0.1823882588676832,6.696753596706817,8.977939476703563,8.976086662370157,23.897167041717186,-21.860304503226224,45.75747154494341,417.021819489221,-18.701530544016737,40.6690596850095,42.192462856458405,37.821378573563806,50.56002306524239,-67.16729327828165,117.72731634352404,415.3439338390187,2,S7,198061,198316
13.868142437346034,14.435985928787918,15.8737922440117,7.723464607514424,27.498406911973344,-7.912996186037295,35.41140309801064,279.16881467809395,88.26014142613585,107.94902426297313,221.1250489875225,202.74721878529613,722.5540887300186,-47.93660036312166,770.4906890931403,1685.1974970313577,3,S7,198325,198580
22.98080976375648,22.98080976375648,24.98288733097004,9.799338854942128,50.54763232021527,5.163062180402832,45.38457013981244,316.7219385238677,-19.147404110361585,21.22588354462068,23.147950827621163,13.007864673053591,17.19081656886233,-37.36094672422848,54.551763293090815,330.9071355589364,3,S7,198453,198708
-9.967912348902182,32.460624844636264,34.58570916936092,33.1181521548564,58.10629122169198,-50.82220849180538,108.92849971349736,424.64793887349225,-56.68737239851549,61.9275274310148,69.9105588718139,40.91488790552141,26.41835175825477,-100.89802215063288,127.31637390888764,408.9794132035331,1,S7,198836,199091
-7.188635484667764,22.142062432198472,29.617740109128217,28.732108329192236,31.256193579767302,-67.21975826796638,98.47595184773368,453.5832553366902,-6.1776533730681145,82.9795158487758,161.24223207018966,161.1238467818439,781.495767705817,-119.2250070572392,900.7207747630562,1301.2048856667502,2,S7,199100,199355
17.345937790189236,17.4596248072001,20.47013434496976,10.869445352914536,40.29531678995146,-3.1975957092185667,43.492912499170025,361.9380139526812,7.597799103137646,61.92461279734424,121.25339949649964,121.01512441941338,642.4243791898405,-53.76964616983127,696.1940253596717,973.9111705906644,3,S7,199364,199619
-6.189368425793543,15.948046138923129,20.125467422350773,19.15009549474603,25.39925902138465,-49.38835835907461,74.78761738045927,419.4829599431687,-31.46165375269394,31.46165375269394,32.643987079963715,8.705988491977084,-12.130757262177854,-49.50621293796361,37.37545567578576,403.4580826882469,3,S7,199492,199747
-28.517543020884972,29.29390516073788,31.652047446187503,13.733238787251876,11.168203145270857,-49.38835835907461,60.55656150434547,368.8041428454712,-26.20956699976617,26.20956699976617,27.838060180887584,9.381694533477791,-9.32375102134633,-49.50621293796361,40.18246191661728,351.9656631309302,3,S7,199620,199875
-11.873505718797643,45.0531290223274,49.165610198989306,47.71034571436934,90.3327287700938,-56.905444233317816,147.23817300341162,650.5189646335089,-50.599946476428215,50.599946476428215,51.17415901982133,7.64460384641098,-33.277922165005684,-66.59301826390801,33.31509609890232,345.98126578395465,2,S7,200137,200392
-68.37967825804243,68.37967825804243,71.35237834433102,20.38091010527145,-31.91892065455919,-117.1659519292814,85.2470312747222,499.30000013267227,79.68748810211628,125.72015494152296,234.63627626108345,220.69002328524624,752.228948082988,-59.500813539222186,811.7297616222103,1897.2143692081008,3,S7,200402,200657
-85.47226922238815,85.47226922238815,87.40683715643922,18.287875099854624,-39.48346996102436,-117.1659519292814,77.68248196825704,494.6384420724455,19.14209778554681,52.83170267175403,56.24249829179796,52.88476818963528,84.2115068722416,-59.500813539222186,143.7123204114638,455.9858420841612,3,S7,200530,200785
-78.98972600598663,78.98972600598663,81.35943838578291,19.493111602542196,-39.41819948991752,-107.30447539597226,67.88627590605475,455.5432361080664,60.1075440682079,60.1075440682079,61.102978711653805,10.984405014622464,83.00050799153989,36.83669399863097,46.16381399290892,385.9440508317605,3,S7,200658,200913
41.9586622663692,115.70969534837796,147.5566328318365,141.4652980539262,268.8629592384258,-70.0784476926614,338.9414069310872,680.5181787564552,-44.13084422898652,44.13084422898652,50.41749390573889,24.380161594463356,-9.58437418515562,-93.6708360939848,84.08646190882918,396.2585191060143,2,S7,201176,201431
-45.28893154753766,45.28893154753766,46.34089951464109,9.817924786252505,-22.112041191503128,-69.71543286993993,47.60339167843681,370.9982868463914,85.80351112121646,140.3995021967255,250.74193100476592,235.60406075292943,767.2697588147274,-63.18913849262887,830.4588973073563,1789.3226755261187,3,S7,201441,201696
-23.6174600068083,24.56133092543692,29.61857087284638,17.87387264631351,9.019708582707729,-57.2197278701772,66.23943645288492,335.04744684942136,-53.85819529382022,53.85819529382022,55.12836410765732,11.765684377849038,-15.55756059669988,-76.68621948040897,61.128658883709086,315.8915240300742,3,S7,201569,201824
-3.429633193775842,7.879495733782218,10.104329041015191,9.504476920128424,12.114482377233266,-29.743375832695108,41.85785820992837,323.34192893810445,-58.37455098462852,58.37455098462852,58.91999952505905,7.998633719327571,-42.94344554624173,-76.68621948040897,33.74277393416723,346.16047191486973,3,S7,201697,201952
-47.28943192070341,51.57725725396862,56.34405437035859,30.632696445254105,23.49519829904177,-78.87276258596634,102.36796088500812,415.0084639509636,-37.73366680714955,37.73366680714955,39.88097979777918,12.909800111461507,-5.874708791214777,-60.76047642330778,54.885767632093,447.9994907141612,1,S7,201971,202226
-18.52641125835576,19.167327210546627,23.32073734035388,14.16435229666519,9.935872142463095,-61.94120587929857,71.87707802176166,607.7795408618745,128.23239659010846,173.24583580231518,303.18105751733555,274.72751245932227,785.2526759872471,-78.01954911032855,863.2722250975756,1892.433229404279,3,S7,202480,202735
-10.008719102146063,15.139368121031405,20.100432495064872,17.431377697215915,22.67603503166964,-61.94120587929857,84.6172409109682,647.4705124963497,-23.61432517101652,33.95507261838567,39.59494750993449,31.78244035677505,141.5660001970758,-64.10143391519058,205.6674341122664,501.8652874096632,3,S7,202608,202863
-0.6343745468969443,8.141958847117092,10.133203270140845,10.113326725081238,22.67603503166964,-23.69649934069238,46.372534372362026,463.90229652491576,-34.07238676717698,34.07238676717698,36.80741128582195,13.923289322267053,-9.225973209382513,-64.10143391519058,54.87546070580807,399.86053367142216,3,S7,202736,202991
85.91077253892423,95.63097060813352,101.89156604790332,54.78348650332023,130.20538086682535,-41.67412355202473,171.87950441885008,558.1326692845853,1.886657803704069,12.74579971448317,17.29386499553791,17.19064538682635,55.99275926499863,-38.04975753815714,94.04251680315576,475.923586736324,1,S7,203010,203265
-14.870534430882929,46.72282347024005,51.95170474696442,49.777975369190045,99.25607257329403,-63.901673392529226,163.15774596582327,501.8918256181132,-31.382931579733334,31.41372472357812,35.63838275969741,16.888041070191456,1.2945409298083157,-61.32285437396792,62.61739530377624,355.3681642820461,2,S7,203274,203529
-11.658846416213512,18.232664696462937,22.03910838737017,18.70276981501392,34.67702623116432,-42.32413539018614,77.00116162135046,420.4145235938005,124.28578766742072,162.63763368965184,304.6470915143755,278.1418583242319,835.0630517770867,-45.23504024362271,880.2980920207094,1893.0928312605724,3,S7,203538,203793
-1.545304688914248,12.07192584636869,14.927343707478958,14.847141933033146,34.67702623116432,-29.470171675508432,64.14719790667274,502.666579157755,6.058195421965976,56.02143728096603,110.19374303966566,110.02708427165166,602.4924321479623,-49.34451858380607,651.8369507317684,888.9594955792452,3,S7,203666,203921
21.48456698524492,36.59148406242039,38.89639728466712,32.424421400900655,62.08212597128099,-43.22098958207056,105.30311555335156,430.6855262564292,-73.54258475504696,73.54258475504696,74.09769306172863,9.052974351939916,-54.60023231375772,-99.7036593501256,45.10342703636789,414.5875575522408,1,S7,204048,204303
-16.601883331453426,37.36791808981931,39.26140407449232,35.578579507189026,55.08721811887495,-61.747689118486704,116.83490723736163,586.0195876620977,-37.97573154090946,37.97573154090946,40.32319315333817,13.5574230594974,-6.271998241181686,-65.02595510271641,58.753956861534725,408.9235414133013,2,S7,204312,204567
-50.38723010382524,50.38723010382524,51.93220838222575,12.573039008890678,-27.340914204730257,-81.37051270960471,54.02959850487446,551.2276705011385,111.03378771536258,128.91068100786308,262.24203984198414,237.57606244330384,797.1504581267941,-35.311308735371604,832.4617668621657,1842.15053241495,3,S7,204576,204831
-49.2849220367019,49.2849220367019,50.92788072906332,12.831426085588248,-27.04622741631717,-81.37051270960471,54.324285293287545,482.29433402052894,-25.65055147036867,27.919294890176783,33.18968384924062,21.06191641989189,16.397903062252038,-63.32921988013758,79.72712294238961,340.49827176127224,3,S7,204704,204959
109.725825052242,119.1941636686974,133.04726147516016,75.2450470306479,198.74993796771847,-41.95917370223629,240.7091116699548,810.2232686509016,-45.48975018136556,45.74265649795115,52.83083326497472,26.86595562991407,11.152321173151014,-106.60411121165352,117.75643238480454,446.6612733492928,1,S7,205085,205340
1.8590753336853216,40.17168799630197,57.701983178102665,57.67202702861869,194.4535623590027,-45.57252053915253,240.0260828981552,535.3163827158472,-2.66507796252642,10.40697031922612,15.354594321615986,15.121538487702164,31.178176449251037,-56.05854729430703,87.23672374355806,405.8511180687596,2,S7,205349,205604
-24.367216807164127,24.51996065809671,27.10278733226396,11.865910257986352,5.148265676615831,-47.92651359572497,53.0747792723408,318.1803851948084,165.81904642168558,165.81904642168558,289.5205506852694,237.33139934046767,833.614937959914,3.0140590754214878,830.6008788844924,1766.119837365852,3,S7,205613,205868
-28.9657102981717,28.9657102981717,30.19419870312481,8.525096025627747,-5.024103683538815,-49.59900659477832,44.57490291123951,290.61100681979923,27.674666568883065,27.674666568883065,32.17114817970338,16.4041337930894,83.02885363814114,0.2985562264784925,82.73029741166265,289.2716196037715,3,S7,205741,205996
-26.805798119688625,27.274226107549552,29.31495114605161,11.866572709164611,14.880453773491707,-49.59900659477832,64.47946036827003,369.22200975054784,-6.072296795963414,23.213780556835555,28.12335751481374,27.459979051844936,24.91123690928937,-56.20826785080515,81.11950476009451,373.2495006080614,3,S7,205869,206124
28.516535445252828,40.96391310184112,44.865112093683656,34.63647628409158,69.75260519418512,-42.43054974676168,112.1831549409468,494.4409059714815,-122.98185438140575,122.98185438140575,130.49492844367916,43.639315329547166,-40.85068723671564,-162.3845202123786,121.53383297566296,405.6612772618209,1,S7,206125,206380
2.4232181904652244,17.70857101285099,24.29882867993477,24.177698170384605,57.37148734037907,-36.64684107667708,94.01832841705615,396.6855378944159,-33.11143149318456,37.19055470343472,63.15235853922759,53.77595646326801,24.01370555254536,-144.6163673673856,168.63007291993097,512.1928717802357,2,S7,206389,206644
7.196502388085228,11.200138744497227,12.812580984827342,10.60059360937126,24.14275227646454,-24.45132537399708,48.594077650461614,366.3074085487319,91.0630737581613,102.99141444543427,224.67163061300457,205.389527970688,770.3490900755262,-28.150264234534493,798.4993543100607,1714.8622604478378,3,S7,206652,206907
5.78806813897,8.545878874575545,10.552005311839752,8.822872736231362,23.19608018526701,-14.285318414349591,37.48139859961661,382.64599410581815,1.3640195729227722,13.590294067438087,17.046457200529186,16.991796658804414,44.08642282637122,-28.150264234534493,72.23668706090571,344.096778807391,3,S7,206780,207035
-50.17520941556536,51.37906633736608,58.578220671214645,30.230056187669927,12.561914277541408,-86.91717169268439,99.4790859702258,394.769988727111,-72.99832718149493,72.99832718149493,79.42748731765496,31.30447204952768,-17.004002225466873,-115.11536087555145,98.11135865008455,495.0202610791545,1,S7,207162,207417
2.9924621929965447,34.99414099532684,41.3461700270895,41.23773691574842,49.57302628171912,-87.8611059785305,137.4341322602496,582.1991486479939,-19.85234960519508,25.62880195264288,33.52577783826248,27.015958150945565,47.98843424903495,-76.35427285632464,124.3427071053596,542.1406422117734,2,S7,207426,207681
36.451407193481735,36.451407193481735,37.88610629488068,10.327243765980626,61.931250836734414,10.295819847699056,51.63543098903536,454.4566850843896,99.32962449831405,129.2588560170768,256.73631193116097,236.74281311380565,785.5197609934755,-40.90359580998286,826.4233568034584,1850.9618161685248,3,S7,207690,207945
43.06587533197216,43.06587533197216,44.07733156730167,9.388372595124244,64.49689062611833,22.047857554389758,42.44903307172858,442.8945815109192,-25.302238734188244,25.302238734188244,26.255362847377786,7.010049449583773,-3.3400541899457687,-43.2540889397968,39.91403474985103,392.2633818197846,3,S7,207818,208073
43.732309710508375,43.732309710508375,44.46238772290575,8.024276254353053,64.49689062611833,22.83154760540305,41.66534302071528,462.7642543953096,-27.592205955287696,27.592205955287696,28.359057065135826,6.550289164961813,-11.334917745228182,-43.2540889397968,31.91917119456861,366.7946183570293,3,S7,207946,208201
-65.70866421451174,81.35081654413091,89.8618387009131,61.29862561145615,35.981047533244805,-127.61221792546615,163.59326545871096,440.9149346849048,15.380074447133271,31.936708767805385,34.2671649155527,30.62175536036959,77.88644932357933,-35.26403534488954,113.15048466846886,387.0929231263484,1,S7,208246,208501
-7.943384128554982,49.22178682840516,64.15205988807287,63.65838072452917,61.5017090911282,-149.616979649497,211.1186887406252,661.1851403321609,-42.42969074070621,57.967248376952185,60.17948717196669,42.67659803603062,42.691200559180345,-76.42714042991152,119.11834098909186,337.7711597473924,2,S7,208510,208765
24.781091510643307,25.496167420608558,28.377294777197896,13.82636475770494,57.576788413441314,-14.387942200485162,71.96473061392648,433.6552987684743,70.81181662036087,157.6857353137173,253.7182110654779,243.6362396138776,723.3015860661876,-96.18151081251015,819.4830968786978,1731.324676401745,3,S7,208774,209029
19.73922226219949,19.73922226219949,22.766041313526213,11.342651434857297,57.576788413441314,0.4868135465858225,57.08997486685549,354.43195803452966,-73.97905829681676,79.73626823426075,86.5916490841659,45.00236243389357,106.88908025050831,-132.13162405079916,239.0207043013075,391.697941082996,3,S7,208902,209157
-42.665962302364434,87.35634405439512,91.50191704785613,80.94576260834138,97.717639936457,-155.02750865789724,252.74514859435425,746.2708455239266,52.021684684092186,98.07960084139351,100.36956974842494,85.83585995440849,133.66592373576577,-93.74340452268682,227.4093282584526,505.4584051555763,1,S7,209284,209539
3.2304242014623803,36.61604115788229,42.918415120498544,42.79666711245216,48.05895011724783,-96.67664439992356,144.7355945171714,450.6228251757007,-17.32519422356677,64.72486156982636,68.71877551806122,66.49893047122923,108.80596634563928,-71.97364288802382,180.7796092336631,382.96928400481255,2,S7,209548,209803
42.44832528649701,42.4637027245084,46.080892805488624,17.9328849358566,75.83256385980086,-0.9559377158065137,76.78850157560737,391.8528954958935,103.1622894553155,127.3747303035888,228.5712453906118,203.96655670416408,678.066007554562,-54.51726552053035,732.5832730750924,1565.1757183005775,3,S7,209812,210067
55.99530012237952,55.99530012237952,56.84602460425101,9.797799626026007,77.49205659482396,32.63354016004254,44.85851643478142,345.40323641085325,-10.403970973848724,26.29364281978085,32.041750108895904,30.30562881737061,97.00129737632088,-51.77476108517202,148.7760584614929,373.89268643686495,3,S7,209940,210195
-108.83084074237948,133.70803652061176,145.179847518871,96.08868939115295,65.24433869174389,-188.8644415578374,254.1087802495813,568.4933148080551,-48.367071274506415,48.367071274506415,50.29227121885369,13.781834445296326,-25.831047137786747,-77.27681367672241,51.44576653893567,301.0631006337169,1,S7,210322,210577
7.229076925524637,98.64173516626433,107.70497517801913,107.46209622421556,92.61359233676872,-179.37303555569778,271.9866278924665,514.8043412959688,-50.782951085687415,50.782951085687415,52.18784752808976,12.027606106113645,-25.45571599836116,-72.0056244272667,46.54990842890554,302.9017495558312,2,S7,210586,210841
43.7685216353397,43.7685216353397,45.32917474184055,11.791971702523536,65.3444133613576,21.802901240311744,43.541512121045855,307.76543813870194,92.33162045524304,109.11877125795355,225.29254940799748,205.5032960389296,716.8467335985151,-46.07784199173288,762.924575590248,1648.5887932288651,3,S7,210850,211105
47.83982732741465,47.83982732741465,49.26219442751031,11.752221964249111,71.01013465151723,26.628008582937188,44.38212606858005,326.0387326957456,-9.165011762393965,12.941709808419542,15.658661099121083,12.696307605453963,22.5361034668937,-38.25958036743771,60.795683834331406,279.3928073876201,3,S7,210978,211233
55.04692200980245,55.04692200980245,55.92169943224126,9.85255523388019,71.01013465151723,27.210739637422883,43.79939501409435,318.8556247205511,-13.93751997859253,14.342088673484977,16.37736132702948,8.600203537266715,5.770708980133627,-38.25958036743771,44.03028934757133,263.3792068104032,3,S7,211106,211361
-9.62937883059059,94.6621454768792,111.8312532682991,111.41590672294254,100.31552709866584,-204.39357863250183,304.70910573116765,729.1829516443502,-13.225096463250292,21.528998510390167,28.13321844045017,24.83092433550975,43.73293630618699,-64.99456230079632,108.72749860698332,396.723939516384,2,S7,211623,211878
75.89846288770495,75.89846288770495,77.34026208729435,14.864032797832976,111.97329988754224,36.03792213813193,75.9353777494103,397.6401639156249,119.33811248742413,119.93012073737074,235.51997929156067,203.0469786858107,739.4738852571529,-6.951491083216229,746.4253763403691,1616.0313101513243,3,S7,211887,212142
81.97326450795319,81.97326450795319,82.81959326113585,11.809696602754906,108.43499865554304,59.50302395028529,48.93197470525774,301.1432718378276,10.597441692541148,15.19115127971519,22.887715375396983,20.28649167989316,78.29568022046747,-15.87012877979683,94.1658090002643,309.2523149202672,3,S7,212015,212270
85.20295312245564,85.20295312245564,86.54850802209542,15.202007106410072,110.56487767637827,44.218456849652654,66.34642082672562,354.3114308963316,-4.446957119105036,6.384444144681392,8.32351178160327,7.036008865779625,8.459789291190111,-25.38234867642591,33.84213796761602,321.4328393354024,3,S7,212143,212398
-80.50638704412943,100.41365015517736,105.22071206156248,67.75042355471344,58.12544314703397,-136.4208220132562,194.54626516029015,437.72938033008825,-102.81645544590188,102.81645544590188,111.42241527699804,42.938690195448295,-11.625555131944031,-142.52570708976188,130.90015195781783,339.9610738829765,1,S7,212418,212673
-6.482062591352435,11.246574635114566,13.842666394911776,12.231200982839304,18.19514820164753,-35.78301632257779,53.97816452422532,326.0402123446804,139.3151022257335,139.33289903447033,258.88998617038743,218.20936558987756,761.5422558107879,-1.7693289601876148,763.3115847709755,1644.6275135546737,3,S7,212925,213180
2.4720215272612887,8.28496960340385,10.502638755158657,10.207572208420435,38.55000159696393,-17.994454310678027,56.54445590764196,396.1890163614432,11.692953428346804,18.96106721760372,28.737520361366894,26.25109362755178,101.87656669517688,-16.902890996701043,118.77945769187792,339.4781266193166,3,S7,213053,213308
23.016443938330685,25.60859233536643,31.088895562330155,20.898869244989125,57.62319070875344,-17.994454310678027,75.61764501943146,415.67938123532497,-3.960179081533444,7.547959720852655,9.203815258104738,8.308260765497584,17.41535437905578,-16.941455051371978,34.35680943042776,281.81383309818466,3,S7,213181,213436
-26.268180937449536,46.030596321085206,47.503723255190415,39.58012624213232,46.601289362324366,-72.88480178368225,119.4860911460066,367.3895357402733,-36.24099024566036,56.4759185732081,59.7856163775852,47.54903313067191,71.0557664797882,-84.90277016585046,155.95853664563867,420.1739839441304,1,S7,213455,213710
37.09662151429016,55.7865917406566,58.60765214889352,45.37287254110332,97.01548704425544,-63.5565870849294,160.57207412918484,511.9643080380905,-30.15045593290863,32.831798365409774,42.02821084170511,29.280036092746773,35.39876395993036,-95.59936067935104,130.9981246392814,476.3091343737329,2,S7,213719,213974
28.96355289532272,28.96970839915052,32.47546506118168,14.68905832992282,65.77080750165004,-0.7879044899583357,66.55871199160838,484.690847143436,56.48934107397686,115.29221750178291,208.9016353960638,201.1189887011614,692.5653033505306,-64.54773363480153,757.1130369853321,1622.279793040576,3,S7,213983,214238
18.9130827717464,20.12082184273064,23.925076137301826,14.652800696275056,56.77775786381949,-12.109852678631515,68.887610542451,394.77804626133087,-51.5186332242321,51.5186332242321,52.43392346106258,9.75432008023198,-30.07629123366376,-69.38005795874476,39.303766725081,251.25529252079937,3,S7,214111,214366
-24.59516816796196,24.694140104125267,29.519094520519868,16.32343848890475,2.0990844035980536,-63.79705442593239,65.89613882953044,375.9708482374299,5.915658625331749,24.458865673651275,26.845012357730763,26.185104000466666,50.51846639062897,-45.8372179818496,96.35568437247858,307.2921983837256,1,S7,214493,214748
-43.78879270911409,43.78879270911409,44.50609508629791,7.9582744931818,-24.61440531054393,-60.62878263662011,36.01437732607618,374.3777330874831,-33.579011438972444,38.44575735508408,42.461886725404845,25.98964822890972,19.98145396830332,-66.00822973906303,85.98968370736634,342.1067351801876,2,S7,214757,215012
-65.30910100619977,65.30910100619977,65.7622462543844,7.706773526209905,-52.82525125288944,-82.83237468356735,30.007123430677915,285.8707159581056,102.1187977271335,106.40414149198016,211.69302562288348,185.43378399885927,652.5176990046635,-34.662132651855984,687.1798316565196,1468.807778266902,3,S7,215021,215276
-63.55655057037344,63.55655057037344,64.47887798938405,10.866949266718729,-32.47010502281862,-91.89493043666523,59.42482541384661,455.9692278195275,9.579598837305948,10.509861458639064,12.180389118113338,7.5228428924802335,24.278930163507127,-18.58803234540324,42.86696250891037,251.74319151923368,3,S7,215149,215404
200.28548150394383,225.6396511449667,245.15167823058115,141.36856523995624,302.7701519159186,-68.91543757880275,371.6855894947213,722.905731083314,-28.96938344936752,28.972623140571603,32.71622226719623,15.20282940771544,0.3841161983747566,-54.62503554754377,55.00915174591852,329.09927876268165,1,S7,215530,215785
45.48201924348349,87.14388060207038,136.25249069295862,128.4372498365259,292.4751025299794,-45.69629359970465,338.171396129684,602.5198976891858,-64.29794276117232,64.29794276117232,66.41663781182837,16.6416445974728,-32.31269190153532,-94.20288148938326,61.89018958784794,327.50630611201404,2,S7,215794,216049
-13.338677018972623,16.359627483387218,21.38817263799468,16.719259079761756,15.364904769930126,-53.74298276629744,69.10788753622757,411.8369785837101,61.759744438442254,136.49254600209326,220.28853189765812,211.4539459374638,645.7410979268146,-95.45106941046714,741.1921673372817,1563.4436095658198,3,S7,216059,216314
9.579266107109351,14.59048106833212,18.64606726185064,15.997296183500636,45.82945678182063,-16.278689307230668,62.10814608905129,513.0453416965112,-53.29674643678831,53.29674643678831,54.32674105148692,10.528609239971193,-20.415642834136968,-70.76678807791002,50.351145243773054,317.8964267032532,3,S7,216187,216442
-172.07372033161008,198.26255285726492,217.92098966004227,133.71683703128448,84.27663496673682,-285.4914200877451,369.7680550544819,754.4157176395493,53.61292456608484,87.97579978231522,90.00648945725615,72.29676662127055,126.04257061645664,-78.99257208333795,205.0351426997946,469.1664006538704,1,S7,216569,216824
-18.01572312500929,85.75681694057872,119.07249305019008,117.70170908474766,66.13574143051962,-266.9604537775617,333.0961952080813,640.6614726336302,-43.4156729857041,77.37568960393,79.97748562034722,67.16753341720425,91.54820674199448,-108.12628102100533,199.67448776299975,468.98832209511966,2,S7,216832,217087
37.578802430490754,37.578802430490754,39.64741296856057,12.639262754991968,68.2125564289622,15.463337585412145,52.74921884355005,474.6192346751935,73.52935785012124,123.1252400610069,215.5770284756674,202.6496699739418,657.9940392291558,-72.59717753394571,730.5912167631014,1574.7349294004202,3,S7,217096,217351
22.020113811169907,23.90812241279352,27.374660281990764,16.263044404339766,59.080363916673896,-21.664541809387284,80.74490572606118,334.5750177502832,-42.7682560453469,42.7682560453469,44.877627984283805,13.596976440937944,-8.993919792619508,-65.97013478821917,56.97621499559966,282.48777547230884,3,S7,217224,217479
-8.321449113911772,21.284237392685768,25.074379473185804,23.653287099468827,39.58192383760003,-56.91476566022177,96.4966894978218,334.71097498868755,-51.754739662004496,51.754739662004496,52.178896421384295,6.639589917433919,-35.42400151366359,-65.97013478821917,30.54613327455558,238.69532188569343,3,S7,217352,217607
23.408230551845183,41.64642689324012,56.66831820601481,51.60768383419093,114.29540504800082,-38.43288450951487,152.7282895575157,544.4145494575226,91.73863636906644,146.747716998749,249.01461185941096,231.50010694735607,673.488610710763,-70.71171464734651,744.2003253581096,2369.004522136495,2,S7,217871,218126
-15.8818172641264,18.92166594310749,22.193482978108108,15.502211683771804,18.308546794362844,-44.690008208580856,62.9985550029437,333.5003816493301,-17.244397323121373,42.68492679544429,61.661009773304286,59.20059870665035,341.8255808564251,-62.28520431856308,404.1107851749882,653.2677585736037,3,S7,218135,218390
-12.32386474871882,15.36644232412013,18.482652803711584,13.774280827608871,18.308546794362844,-41.33983018701115,59.648376981374,350.5060800934956,-33.37157481370468,33.37157481370468,36.34922924800662,14.408485742001158,-9.118714826085256,-62.28520431856308,53.16648949247782,342.94508990389227,3,S7,218263,218518
-30.74212041691532,30.74484931333553,34.642239632634734,15.96893230735126,0.3492987417874865,-67.28108918036293,67.63038792215042,376.8629901225038,-26.212079574930208,26.212079574930208,26.99439782808055,6.451697331571457,-11.337723947748726,-40.31611396921167,28.978390021462943,275.6512945173177,3,S7,218391,218646
-55.04097955697939,130.45995707875176,132.64950781281135,120.6912693295968,168.83463128639644,-142.15224977041547,310.9868810568119,588.1077008167424,-32.46692799504457,32.46692799504457,38.21803753399546,20.162266229629974,-9.1403465913433,-74.83526779887356,65.69492120753026,302.9096343261058,2,S7,218909,219164
-104.8015966555071,104.8015966555071,106.96406760736572,21.399464889793624,-69.33557676984256,-157.4622010351644,88.12662426532185,393.2262789472627,129.02066718053268,143.4006365524621,264.0106119669015,230.33729761249705,735.2964651382562,-28.43215123001713,763.7286163682733,1605.921291994188,3,S7,219173,219428
-81.8918884096999,81.8918884096999,83.35178541139024,15.531862218024813,-54.90142674458951,-118.63949469025272,63.738067945663225,310.73906447712056,-5.298606806745663,15.378841497980735,18.66967264569989,17.901995492265755,55.70242352382444,-28.93097011877129,84.63339364259573,313.0660486283784,3,S7,219301,219556
-59.80535450037368,59.80535450037368,61.30449824701674,13.474460226781352,-33.01940186710512,-81.51598464109432,48.4965827739892,284.6787555724029,-14.33848161398757,14.76444117411991,16.846415647705385,8.843622853819197,5.40569915453815,-32.00641724915733,37.41211640369548,282.0452020761261,3,S7,219429,219684
155.06654294743095,168.40505041892047,179.9462183225939,91.29626907456392,221.54140084538395,-46.72667196339172,268.2680728087757,606.9388268093268,-63.15579473738865,63.15579473738865,65.04372190536488,15.557356793211236,-23.97840513957739,-93.5387923912977,69.56038725172031,264.09413053535803,1,S7,219703,219958
2.447723415102473,25.143352952289327,28.38922661999464,28.283508236507213,56.718296427071,-51.30002964576744,108.01832607283843,428.9561843198883,100.76280356894269,135.5501479636341,240.13689861979975,217.9738229596909,699.3142883194081,-54.69625631367519,754.0105446330833,1620.599596125594,3,S7,220210,220465
24.98626018246898,25.71237253763214,29.84945436649656,16.330239681998727,56.718296427071,-11.129136826095854,67.84743325316686,380.7204276541078,-13.479192476450748,27.967589221402527,33.1802211180863,30.3189452921419,125.99808950372064,-42.38013100386382,168.37822050758447,389.70418889115433,3,S7,220338,220593
30.87559416909304,31.17635989914377,34.13752395561673,14.562562498604905,54.87280442017262,-8.853508744441882,63.7263131646145,345.9634605734842,-33.1312013719738,33.1312013719738,35.4398489937531,12.581986820440736,-10.007339835179089,-68.44763537534298,58.440295540163895,307.19626514688525,3,S7,220466,220721
-155.23263177876572,176.0677068009582,189.2608207957687,108.2704406536069,67.61560431576368,-236.1003656962217,303.7159700119854,703.0595519586102,44.25517719467066,70.56701000984779,72.88124061070708,57.90642904224091,125.66127533860792,-72.02231681240804,197.68359215101597,416.8077675467471,1,S7,220741,220996
-11.3382115437654,59.7569631142878,90.52581541549482,89.81296240314683,50.43692923791368,-235.16340311601328,285.60033235392694,679.8807857086084,-72.75200024372045,90.79902204387253,93.55771443007689,58.82340002003894,63.315888326857134,-118.8553064477574,182.17119477461452,416.5856414507509,2,S7,221006,221261
4.653283283284104,25.57728177119173,29.63236113848856,29.264719054303523,62.1782209611981,-38.48720998167618,100.66543094287428,420.12040436272486,114.64886243173504,187.4166548784397,295.4545644196433,272.30320963864943,730.0376292685963,-99.44380096514912,829.4814302337454,1739.246694087872,3,S7,221270,221525
-26.15271407605273,26.17112941563107,28.070728735163165,10.198105617189324,2.3571634660272647,-44.77619536522832,47.13335883125559,337.5864616300927,-45.40550323661019,60.51354801030208,65.472818068203,47.17022558375348,176.23978199353974,-83.65569496876311,259.89547696230284,435.6992440626995,3,S7,221398,221653
191.2536830865859,208.05519797865213,223.2059711373832,115.07794861396388,289.39090240340533,-60.93256819359629,350.32347059700163,796.1845487291068,-13.959116125480197,25.10913420527263,32.65805198826571,29.5244210216496,51.064576254883214,-69.80564777255921,120.87022402744242,565.2987586882025,1,S7,221780,222035
17.421914842713832,86.8420277987669,121.699287253089,120.4458110567698,274.4476365531622,-71.05060916642793,345.49824571959016,622.9110920995975,-74.03099699963224,74.03099699963224,78.6476575625204,26.5493036313933,-20.370635581852092,-106.16565319725102,85.79501761539892,326.87785716969864,2,S7,222044,222299
-53.65480841755155,53.65480841755155,55.497703270339336,14.182968728671446,-30.39417164858328,-88.54948351483301,58.15531186624973,379.3444407283116,115.800739561589,143.78313523988658,258.2190064921496,230.79697578344008,753.7436078867792,-74.03524392801356,827.7788518147927,1935.644514350468,3,S7,222308,222563
-40.88757757191728,40.88757757191728,42.462031052895526,11.455569887068512,-10.515193150499188,-72.86702977907456,62.35183662857537,466.7998552974504,-12.891399161827628,31.17564274619169,35.41206388217772,32.982208780581466,85.49802180606771,-55.1829737254675,140.68099553153522,483.3450561462717,3,S7,222436,222691
-44.11329912893948,44.11329912893948,48.88436355495763,21.06413634911189,-1.0423123850649132,-88.49847280661457,87.45616042154965,465.4905241423457,-3.1933637045891192,24.267064050321764,33.94728834396392,33.796757450359664,89.34170399716712,-57.44052084655405,146.78222484372117,439.5336313972359,1,S7,222818,223073
-23.22605542528615,24.367813489572107,30.167842432993226,19.252248347749987,14.23896479191866,-62.37614766965788,76.61511246157654,505.148505734007,-19.48433659090616,24.325112181016543,27.45272556435764,19.339409725330583,21.991326237947224,-47.21148059060969,69.20280682855692,319.54017702098696,2,S7,223082,223337
-4.094079567748109,11.057510579199,12.665884358248077,11.98595590970786,23.810542392267536,-25.599210651360305,49.40975304362784,382.5487675571697,112.8585230723538,125.8454427075298,237.6764177248883,209.1722575115127,696.0260541188761,-36.03301071031349,732.0590648291897,1575.8176977945873,3,S7,223346,223601
-11.146364094484865,12.00289064225556,14.931619710918868,9.935382965174494,9.701027128443911,-41.551786262131095,51.25281339057501,322.28663325305286,8.514293988645806,17.34056798150165,23.749231042594904,22.170538400983038,62.51113705883673,-30.343697459108085,92.85483451794482,448.8880780852597,3,S7,223474,223729
142.07795788513673,157.52571471428317,177.03842851020505,105.62414048195753,226.13009402234923,-40.14456816108396,266.2746621834332,550.2361284288049,-112.13911623343378,112.13911623343378,118.82679318092076,39.30172245647445,-34.898779354198325,-159.7551176813023,124.85633832710396,388.5908473804895,1,S7,223856,224111
-3.8717092152700583,95.81584158343212,112.60514696403328,112.5385666806892,221.1377219507536,-103.62939193861608,324.7671138893697,724.8815924538944,-81.36630742690085,84.48655641909745,92.11022170713434,43.17194643108535,38.78943284773388,-174.01049364488213,212.799926492616,570.4418604617672,2,S7,224120,224375
-66.74303487511139,66.74303487511139,67.76152192593717,11.704321824818736,-40.57102852262903,-93.22768589526356,52.65665737263453,409.92442875090575,158.1579728080988,174.5816425665409,305.69585944933306,261.6027792698294,778.4135236385846,-61.287590488206085,839.7011141267907,1837.5043146147327,3,S7,224384,224639
-70.42407092626854,70.42407092626854,71.65866352730106,13.244406090529122,-40.57102852262903,-98.85229703579576,58.28126851316674,379.6971628984701,9.927516062307344,37.190743111501305,66.21448819707103,65.46604365648416,320.278744749338,-41.88974029609918,362.16848504543714,577.5680182849276,3,S7,224512,224767
-82.4427989626925,82.4427989626925,82.95680357423988,9.220420730752329,-56.24127006778537,-98.85229703579576,42.6110269680104,423.81871563161474,-29.149034221157585,29.149034221157585,30.99041735339972,10.52329661806045,-7.26540338293906,-53.044707814795686,45.77930443185662,297.1811509913036,3,S7,224640,224895
8.367714218482131,80.13019758220977,97.39899707078148,97.0388890556354,185.38141192810568,-80.8155728955287,266.19698482363435,732.1488478001322,-36.847929969611165,47.655884326826126,52.93011916277174,37.99773113673825,78.95110835113404,-86.73625619364685,165.6873645447809,402.0346639585107,2,S7,225157,225412
28.891246626592768,30.333328942037603,35.531341032373085,20.68265127879381,86.03785656656389,-17.862114425836623,103.89997099240053,682.8777807115982,74.5669888773876,142.04107025274624,242.21698903095583,230.4535396668529,698.1644184859383,-81.25831708790629,779.4227355738446,1744.1893225627346,3,S7,225422,225677
31.99556371723311,31.99556371723311,36.22735827103568,16.991332782170243,86.03785656656389,2.901162818236549,83.13669374832735,535.5605419786673,-38.49924131726762,44.97854009105811,47.49007725224654,27.804960985751045,99.4794433887952,-61.755604063190205,161.2350474519854,432.4894660578368,3,S7,225550,225805
24.73405312282953,24.884476498820987,27.07555488286001,11.014185777070017,51.96265964143392,-5.882168239881035,57.84482788131495,425.0761829345096,-46.97712923590276,47.53783878810079,47.988081718407685,9.798230236418403,41.99633339191238,-61.68745052444323,103.6837839163556,367.4335484569047,3,S7,225678,225933
-82.414303070035,84.89999461266981,93.3567918216988,43.856279239356645,21.53224551260119,-125.848106097174,147.3803516097752,401.5501549040568,-45.12462773473612,48.71719321332094,51.80363066347314,25.443744255101663,24.949922992678932,-68.53235689638983,93.48227988906876,335.0914266286551,1,S7,225952,226207
-2.5492437828436465,9.255407589721507,11.2660574273353,10.973851014646131,28.123892131252504,-23.648398401152843,51.77229053240535,458.4536213335345,102.2792478513774,154.39529599853765,268.2284527670172,247.96261478848876,739.3501646987015,-89.23400230100155,828.584166999703,1876.0895834645528,3,S7,226460,226715
-0.8232231769772667,7.913331210050837,9.89835843655364,9.86406626799415,23.25917135432221,-23.648398401152843,46.90756975547505,395.9274457345231,-15.97087189931976,30.43067720083835,34.779702103844336,30.89593709871368,65.46534540295056,-54.74856164844732,120.21390705139788,516.6764283231855,3,S7,226588,226843
2.5780001599446205,8.168689323761848,10.086566619531135,9.751550714915307,23.25917135432221,-22.34419192501688,45.60336327933909,396.59890231720544,-30.83811355686172,38.27757415684271,41.47313798622967,27.73142489449374,44.70676010990355,-64.16268165375733,108.86944176366087,344.0941638664633,3,S7,226716,226971
61.50054964185965,64.9325808920999,71.73533953075614,36.92751455679112,102.40549553596097,-31.458835864612396,133.86433140057335,459.2096104808327,21.530833987148338,38.92101670190564,41.63990706699932,35.6413390372219,95.3437777776968,-51.60403976249975,146.94781754019655,464.64591602086784,1,S7,226990,227245
-55.702046971447,55.702046971447,59.331595370591714,20.4333103634808,-16.5050860460179,-97.68875779741744,81.18367175139954,427.8562510143984,78.49677463675656,114.751134475791,208.1534639091404,192.78516776194184,698.5283177967049,-61.39200901901022,759.920326815715,1766.055338287584,3,S7,227497,227752
-73.91834537496828,73.91834537496828,75.12869669906799,13.431280085213483,-44.37050032699727,-97.68875779741744,53.318257470420185,412.6456081505801,22.19570785212069,40.62901819473909,50.50699654172397,45.368571198672605,226.4227682391241,-43.36053585149168,269.78330409061584,710.2745747482933,3,S7,227625,227880
-70.81296358068269,70.81296358068269,72.04229560094171,13.252039253427052,-38.726957469766326,-94.86606255118728,56.13910508142096,473.9555832314553,7.048414934044283,21.28820579383686,26.53663231998615,25.583445854764665,57.00871471973128,-39.316718702641744,96.32543342237302,415.9868066911766,3,S7,227753,228008
138.61965418314122,166.25601248156693,176.58821035695397,109.3982975700178,223.49369509596568,-81.62122079648927,305.114915892455,671.4809574455093,-92.03317549222778,96.13427167487238,107.50202267895484,55.556993159127366,26.69936026072134,-149.56675369532445,176.2661139560458,458.12070285793067,1,S7,228027,228282
-2.486500778260016,74.6255056061041,93.07996248904028,93.04674486966675,210.07779439372428,-72.47812343392219,282.55591782764645,668.0959052653741,-48.782110100297245,49.72973803410335,62.72881386603715,39.43614868622966,12.307043544312002,-139.1867599333295,151.4938034776415,485.64472706164327,2,S7,228291,228546
5.427838622259751,17.42958622529644,19.246850695987384,18.465639160460583,31.662694685881608,-38.02701089010439,69.689705575986,375.2716096409363,108.54624150470104,122.73329794628124,219.38035119516263,190.64483194074796,730.2814041637519,-57.15575560481514,787.437159768567,1702.008452831709,3,S7,228555,228810
23.599464194629057,23.599464194629057,25.07948032112148,8.487969303899527,40.56705967884844,2.5281433581273824,38.03891632072106,364.3313051270825,22.148846815550563,22.34865338070552,25.952731339511217,13.5267456811357,51.46274227608672,-6.00839750824528,57.471139784332,328.3786457163383,3,S7,228683,228938
-172.92710940829338,199.28210333389748,219.8180072444012,135.70619418652836,61.7349806277398,-280.1342117215443,341.8691923492841,650.511683157626,-42.38179296971781,42.38179296971781,49.850322991094096,26.245729690530275,-0.416816136999498,-88.51224248585888,88.09542634885938,395.482490094518,1,S7,229065,229320
-1.9693506345180796,136.15972664479642,154.0225969653067,154.01000627886367,120.56313283476037,-283.53516339681534,404.09829623157566,902.1345676316096,-36.7697685941629,37.38763036524766,40.01930825231434,15.796491715740745,11.468608681301408,-59.40369895813149,70.8723076394329,385.5347252525616,2,S7,229329,229584
113.8685159668696,113.8685159668696,114.5331224736784,12.320601246423786,148.88803984850622,87.30821587714395,61.57982397136227,452.7626182113869,80.37820349408588,107.35343981116829,218.03137305139293,202.674675373464,709.7131578382722,-49.70933722391427,759.4224950621865,1615.2489252400392,3,S7,229593,229848
107.32917222326626,107.32917222326626,107.70306999946034,8.966609012168778,124.97607917756004,84.05123028004925,40.92484889751079,400.6025327926599,-11.400384113821108,11.955505412820736,13.309193063292366,6.867740680407559,11.93734907892907,-25.194406716632223,37.13175579556129,278.32557216454285,3,S7,229721,229976
-148.56176722454043,185.1996259827852,204.04304132260668,139.86766613946355,74.11056752995053,-274.8419896028917,348.95255713284223,652.8594079175804,-20.22277192649714,20.22277192649714,22.39046213638201,9.61105042592304,-0.0942260689502852,-43.72645812005678,43.6322320511065,294.89796112723536,1,S7,230102,230357
-7.589482034499667,62.82164904117608,97.77896306875544,97.48397499717092,58.59751369300781,-270.54859993579254,329.1461136288003,649.3018334482816,-35.71817987791306,35.71817987791306,36.57267857154982,7.859544777335771,-18.29231142996418,-53.37519281381067,35.08288138384649,263.07363411711844,2,S7,230366,230621
38.162601551232086,38.162601551232086,39.46972071618165,10.073464957762887,66.5020557835582,17.160370437965103,49.34168534559311,420.8527238189122,81.08402403833789,117.14905274753146,224.05746968121537,208.87108647608216,714.1210065154754,-68.2519824291974,782.3729889446728,1668.9149788352477,3,S7,230630,230885
38.45642592453764,38.45642592453764,39.90739086497856,10.663167951445017,67.6525590037433,17.160370437965103,50.49218856577821,427.4831071868706,-9.855840765188866,14.295404034979107,16.513145956115554,13.249392143763307,51.399009470168295,-28.17915008376794,79.57815955393623,360.3241174062749,3,S7,230758,231013
37.57143516771497,37.57143516771497,39.4828918117133,12.136144579463805,69.10716949511742,16.381338138203414,52.725831356914,515.0389789539802,-12.62694958006714,12.657847832771372,14.260704286505236,6.627807408909158,1.9850308906150227,-28.17915008376794,30.16418097438296,336.2249152399555,3,S7,230886,231141
2.8276836623450787,32.19102215114726,37.43579819102396,37.32885199553797,41.06498896978001,-69.69810942447664,110.76309839425664,395.48730138932535,-42.45518025883747,49.89211215920254,55.329602849083976,35.48129959044593,25.14673374587718,-84.52138541255873,109.66811915843591,309.2449455337557,2,S7,231404,231659
23.14068330064827,23.144500759442536,24.981163034769693,9.41101923007503,44.08745973478781,-0.4886347256662981,44.57609446045412,292.76311785360235,30.63436113417731,119.64398254802016,191.99404813816668,189.53429884425,624.6091794824191,-96.98569170698424,721.5948711894033,1606.7162428813838,3,S7,231668,231923
29.21876165768743,29.222579116481697,30.54511654937383,8.903264132108285,46.696753540390034,-0.4886347256662981,47.185388266056336,344.52785283329456,-59.17746036880948,59.17746036880948,60.08786810152776,10.420176451700806,-24.608111753021305,-82.75680417854508,58.14869242552378,373.9546555355744,3,S7,231796,232051
33.45457103574567,33.45457103574567,34.447837005952344,8.21249969271876,48.01081671752704,8.68411894078879,39.32669777673824,306.4672479142786,-54.17869111720897,54.17869111720897,55.142122948454364,10.2627068597188,-31.8070105412122,-74.34722348419344,42.54021294298124,297.5505802028225,3,S7,231924,232179
43.21347221827585,104.89650711518708,108.72130680598168,99.76431412304048,113.4767045021314,-173.13535958952409,286.6120640916555,654.4295149358811,-10.742001722070311,20.270426593286157,21.76826469883015,18.933218083605684,30.235309249222052,-33.57660649605986,63.81191574528192,302.52079676456805,2,S7,232442,232697
90.9307677505461,90.9307677505461,91.58752626174054,10.948536114077465,111.87492792621111,59.56509060653834,52.30983731967279,285.5886191591684,88.41535511584759,119.02851680092375,233.7818179010688,216.4177981610271,723.5183493702231,-37.70625472520161,761.2246040954246,1692.0794594030172,3,S7,232706,232961
96.10763718759644,96.10763718759644,96.4693536142578,8.34615246506093,115.48922826913656,83.13253209708525,32.3566961720513,313.99261630093747,-30.42784916875556,30.42784916875556,32.49293774786204,11.398991115440849,-0.3666901247353842,-55.47526419965426,55.10857407491888,333.2419672523595,3,S7,232834,233089
98.15970644496034,98.15970644496034,98.66920192175456,10.014161897791842,117.7460887265418,76.20251633604902,41.5435723904928,330.9535978798151,-25.87372567121595,25.87372567121595,30.045522473451907,15.273628926792876,-1.6742500779770917,-55.47526419965426,53.80101412167717,318.35238188526915,3,S7,232962,233217
-199.3587445815113,222.55010027613983,241.0143967153995,135.44013579058355,65.54656237688314,-299.0197471051222,364.5663094820053,601.7463992824631,-70.25281526622291,70.25281526622291,75.6902106025292,28.170018250352328,-11.141372317953593,-102.35423306492098,91.21286074696738,354.20289228831905,1,S7,233236,233491
30.06842584927877,31.042095615512764,36.91114144357852,21.40845930033928,84.09455028175702,-12.501687905219065,96.59623818697608,615.7639726808836,169.3749770026323,176.77567551986715,324.6914426524144,277.0138084952876,845.7085482232811,-23.971597903350983,869.680146126632,1849.6139959900468,3,S7,233743,233998
16.069221110906764,22.47705537499562,27.230797194855253,21.98400438400896,74.52269891677547,-28.123451458992815,102.64615037576829,687.5231253340656,38.68674588864756,61.22686193977492,133.55493691333564,127.82901418094512,608.3169840636644,-37.67091117924757,645.987895242912,868.7289989687524,3,S7,233871,234126
-16.145271988542778,24.4422088627907,27.986629328309,22.860044041430484,40.80465946831279,-51.42544727950168,92.23010674781446,511.9437782625186,-22.69759155918423,22.701820631919183,25.59372725065054,11.826166411527488,0.5006061174594352,-49.4330614168782,49.93366753433763,344.25734529583707,3,S7,233999,234254
140.9115180019811,148.67029378706167,163.4985462704215,82.91995373200898,209.6224655960906,-32.34257094560859,241.9650365416992,594.5619522708341,-116.06449858486184,116.06449858486184,123.0737495363578,40.94117723249709,-35.40206635600673,-167.33111133580266,131.92904497979595,368.4378046591032,1,S7,234274,234529
54.74158138078127,59.77419236460596,92.6639908817498,74.76613186506516,200.35423758595203,-21.4665788579468,221.8208164438988,524.891912907951,-25.828241580172573,29.13048778970245,41.0372992772398,31.88983958639477,37.64504750344817,-127.72833958478344,165.3733870882316,430.5584979682807,2,S7,234538,234793
-23.9775940120116,23.977878854882345,27.182964673937956,12.805801570370525,0.0364598874557288,-56.87942493679303,56.91588482424876,348.60641998935614,102.84064195352006,112.20687540072232,231.1356440228017,206.9963485195408,707.9783434060661,-26.536326784211376,734.5146701902775,1564.179161660681,3,S7,234801,235056
-15.081931941327085,15.12375037728714,16.99799387402224,7.840097235269178,2.4138567367869794,-33.42059100232991,35.83444773911689,323.5841590340408,-4.312805600196907,7.302074843450228,8.619047853771175,7.462418760730847,17.227274877076553,-16.72601403357653,33.953288910653086,270.58857747251113,3,S7,234929,235184
-89.07302487195395,89.27760166051957,100.83228285885748,47.25616898023916,5.794031030877247,-140.2429733818208,146.03700441269805,435.376641594519,-23.054558274618643,23.054558274618643,25.30250999543072,10.42613805927605,-3.574000459516541,-46.41898572359402,42.84498526407748,345.8739600046158,1,S7,235311,235566
-39.78512307252615,40.23247862422846,57.39256294510761,41.3648433275419,6.6808799462378365,-134.70380574328183,141.38468568951967,516.3126756941839,-35.04487463414294,35.067406310110734,40.72505213276549,20.74576181039568,2.3542738809936656,-76.74440901940585,79.09868290039951,334.07329963166586,2,S7,235575,235830
-13.42647338571855,18.956363434519112,23.235141075717305,18.96316411443716,29.849053177144093,-57.91577838224161,87.7648315593857,655.7044657349982,89.7706355877009,139.56677803407084,250.02697481529455,233.35535374503013,743.6910834105806,-69.28534574737701,812.9764291579577,1753.30417732596,3,S7,235839,236094
-27.37809249343041,27.495679135439577,29.947965289686756,12.13757292103539,4.740940282459533,-57.91577838224161,62.656718664701145,569.7307498720097,-27.81725538985981,28.414658464085814,31.92763409625801,15.670804751506946,19.51486906027938,-53.01849404964114,72.53336310992051,329.7243419573052,3,S7,235967,236222
152.69222705134376,164.22994242795647,185.4268321052551,105.20548399532863,240.809288002848,-32.57106125883373,273.3803492616817,541.3512601783782,-44.48573958895561,44.5234022564437,49.51345777341183,21.739399115501403,1.7437556407675938,-75.74501901373117,77.48877465449876,293.13291328646005,1,S7,236349,236604
38.00889284683096,55.23624081450552,99.75351464430582,92.22845411503904,250.8092566570287,-44.60328054515888,295.4125372021876,652.6358593569155,-38.64724649287403,38.64724649287403,39.68092508278083,8.998119467105381,-12.22236802804667,-56.31119225345163,44.08882422540496,323.91533393233664,2,S7,236613,236868
-22.55793772387606,22.55793772387606,24.5382719701119,9.657444637423946,-0.3547315789732085,-44.16397088619736,43.80923930722415,389.5736477747091,111.98248702897844,139.88046565489347,271.5348287310017,247.36832014786995,801.6110444105119,-59.45720137830514,861.0682457888171,1854.5966938966808,3,S7,236877,237132
-16.681265750193795,18.009815991644093,20.64298939531302,12.16011447916578,18.211154659639405,-39.50577939108132,57.71693405072072,384.35721989944926,-17.81056708114681,18.023486310670485,19.65041063775374,8.301947872657053,11.265966870942268,-34.54964857295149,45.81561544389376,337.016843269697,3,S7,237005,237260
-0.1965806751063228,13.212443346375576,15.65410204548694,15.652867688979333,22.246873596007287,-34.70542187251465,56.95229546852194,356.61436667858106,-24.50200346652902,24.50200346652902,25.67068498831944,7.657407779120096,-8.7039445006167,-40.285530670375,31.581586169758296,304.2922193754694,3,S7,237133,237388
-10.613068444879907,77.7502564144849,97.80884820948664,97.23134045281228,68.62738515020284,-192.7182962650976,261.3456814153004,579.0057435765457,-1.2707701038877808,33.85807809892971,43.98756000921229,43.96920034418544,77.86555383454011,-97.92373605471224,175.78928988925236,369.9940268422632,2,S7,237650,237905
45.2109529046577,45.2109529046577,47.92933880459244,15.911984656171404,83.8373844486144,19.83518646933711,64.0021979792773,368.4613990107904,133.7323543213695,136.6716600521869,272.9129119091815,237.90148148847743,813.9285421626575,-12.522772502461288,826.4513146651188,1755.3535039006597,3,S7,237915,238170
20.27033981154858,21.5057748667272,25.916810608757327,16.149129885369838,49.73255049640904,-14.73380781758574,64.46635831399477,366.9107597834809,-4.055220378583274,11.48737013622167,14.976108365301336,14.416622678365815,49.56169341173144,-42.66387018151343,92.22556359324489,323.17958930101645,3,S7,238043,238298
-4.561358893703262,12.16173254119922,14.829660858235082,14.11073514077505,26.24326908334281,-29.811508888828744,56.05477797217155,299.25011595846684,-35.88459274174059,35.88459274174059,43.519842346824014,24.62260509474648,-0.4885634585114053,-70.04141442050437,69.55285096199296,288.029123874176,3,S7,238171,238426
-11.632926509944184,51.33784611385647,57.526407162584825,56.33793164334069,110.60247753530751,-67.40248386043835,178.00496139574585,548.8420599474364,-12.207357520847864,16.30329785528519,23.88308122851325,20.52759097716927,19.52473618663504,-58.4735840591192,77.99832024575424,415.0251672065401,2,S7,238688,238943
-58.06295313624058,58.06295313624058,59.40560838508103,12.558653618136798,-24.88777858505528,-83.47768945546645,58.58991087041117,462.3977822757735,116.7651465076833,123.1992020452164,259.82143917632453,232.10575351915725,809.9303898061991,-24.737198407920967,834.66758821412,1795.3769405516753,3,S7,238953,239208
-54.15859503522304,54.15859503522304,55.228791651090255,10.819704757998291,-24.88777858505528,-71.30671197952101,46.41893339446574,502.96078209384,-10.29053252671874,13.11465718392241,16.261556770230502,12.591392651647917,15.95339378248042,-38.84743935477833,54.80083313725875,310.02579978925587,3,S7,239081,239336
-46.39060985831276,46.39060985831276,49.04327273372386,15.910811337208356,-17.592739525467987,-71.30671197952101,53.71397245405302,365.95706861146095,-21.62416315131027,21.62416315131027,24.144369827717817,10.73993307163158,-0.1088065294748111,-43.87533909425821,43.7665325647834,349.93850210545827,3,S7,239209,239464
135.63419149108643,154.90021987470362,165.0048002964215,93.9678148060348,207.8338064102728,-70.1175697841601,277.95137619443284,523.1774892262999,-84.44997036848736,84.44997036848736,91.25047063934016,34.56661534866682,-9.87770328058448,-119.63873387077734,109.76103059019286,333.9365368725011,1,S7,239483,239738
-77.78196593926882,77.78196593926882,78.37631866958274,9.633955720181133,-56.146184262975815,-103.47470147566008,47.32851721268427,335.2826559939506,124.20227469713296,136.68200067887108,263.95617065935147,232.9091131519043,781.1790438379245,-43.068589244990726,824.2476330829152,1760.7414893739185,3,S7,239991,240246
-76.80267672890474,76.80267672890474,77.13231144311112,7.123364081137602,-60.7216820337021,-91.99188460355,31.270202569847903,319.0832588334954,14.210845240202929,14.877485749668542,21.214743495313638,15.751737019483087,93.98790920537157,-7.844542885018855,101.83245209039042,363.2992444762998,3,S7,240119,240374
-62.06465533778482,62.06465533778482,63.22528427202137,12.058819555822648,-41.12274192410033,-89.87273131260801,48.74998938850768,295.3136840180055,-3.3433952389103343,9.389768198190326,11.550976181009762,11.056525630173638,17.364407006725937,-26.688410815876026,44.05281782260196,297.8739131700946,3,S7,240247,240502
101.92325392397882,125.20046955431172,133.30247357594914,85.91390906608054,195.23632262354135,-67.83183782329077,263.06816044683217,573.6982620121619,-56.0918619380606,56.0918619380606,60.772535263667024,23.3881180665568,-10.29108301018318,-91.85283928855674,81.56175627837355,297.21185485319364,1,S7,240521,240776
18.40088260179099,33.80459621774656,61.315553647065975,58.48935491626944,157.31248453834675,-25.44276514172653,182.7552496800733,507.9945078231687,-17.964274042811812,22.522721303012712,35.883646523740765,31.06317668809052,26.92359536412928,-92.61058340270928,119.53417876683856,347.92307287343675,2,S7,240785,241040
5.071490745518419,8.806631322610873,11.202362237423376,9.98863861177139,28.3585303285178,-15.003012328548309,43.36154265706611,449.6865273287357,102.46790888050558,109.75886960697538,239.3831220105962,216.3437236279259,766.3426568356549,-22.47197487170811,788.814631707363,1768.0355442043226,3,S7,241049,241304
6.702735482001687,8.751555905246232,10.627923468734284,8.247793299761373,28.3585303285178,-11.413409046017703,39.77193937453551,482.6967420944191,-12.061705096887223,13.542445848580185,17.127740578313894,12.160376946202987,9.136427048855754,-38.85875111085821,47.99517815971396,301.436069740552,3,S7,241177,241432
-99.04043160980844,114.84541345414908,122.66372672918752,72.36976413969896,52.49256779314029,-159.36008076316458,211.85264855630487,630.3781329109956,-28.323291215996097,28.83905956661588,30.61508319144,11.622155286893666,9.986411061744066,-45.00982471456811,54.996235776312176,357.652944954649,1,S7,241558,241813
1.257244156695787,54.27239902821666,70.34860935036849,70.3373739534055,63.65652433363688,-167.16651600899883,230.82304034263572,618.1851455997044,-71.67117554620094,71.67117554620094,76.20480829190423,25.89238116959361,-19.566115780125667,-105.87229388124015,86.30617810111448,348.1653338610833,2,S7,241822,242077
28.99172888487386,29.34485440977448,34.122962191216175,17.99600525030873,63.05103018138688,-5.664209715395827,68.7152398967827,486.4507362638008,98.9070919178539,150.8898301147786,267.41607795293606,248.45270357974368,763.9661731791316,-121.573870874698,885.5400440538297,1902.968439310373,3,S7,242086,242341
47.39124967943886,47.39124967943886,51.26900009139106,19.559647854502455,91.2833465988844,11.521288715573322,79.76205788331109,484.9286536596648,-30.534473168768173,32.69473425248023,38.000439619286965,22.62033066877783,20.010649121781324,-67.95170370620413,87.96235282798546,435.8255832194642,3,S7,242214,242469
-42.24776408753707,64.39500510086495,68.04257465986916,53.33777644360216,61.46749848300711,-101.16904600488812,162.63654448789524,400.7426179173015,-15.50595468009043,27.977216203263065,40.57391406827255,37.4941045002884,35.177071913263546,-86.54607833929369,121.72315025255725,384.9876957860382,1,S7,242596,242851
-13.048583798256685,33.806942500215506,49.07539303503623,47.30886452244607,44.39923421178854,-107.02163125887628,151.4208654706648,522.6518414914451,-36.96409343472643,39.96539147344328,44.84204994865436,25.38631994099238,20.02283001822862,-69.20836311431384,89.23119313254246,382.6922125412817,2,S7,242860,243115
38.30433524275178,38.37017357018164,40.65036372968012,13.609921857460357,67.90106585842109,-3.0524936379531087,70.9535594963742,439.5903234630723,136.99106374666775,155.80217013344088,280.6693599495509,244.9668101356732,796.1920640680092,-46.0648126051657,842.2568766731749,1768.7752806793924,3,S7,243124,243379
39.468078476402034,39.468078476402034,40.40748054481497,8.662289845079721,59.02832635758652,19.70144962132326,39.32687673626326,358.2128735726948,-0.6173305438726651,19.27328826728011,27.63088865651104,27.623991582465276,123.65046935703764,-34.71160813989464,158.36207749693227,395.3970029570143,3,S7,243252,243507
-50.8520808552302,65.85597563319106,70.73963095610878,49.17480310585488,44.05688968696583,-98.95664438510704,143.01353407207284,374.8625274083822,-28.17561505030511,28.804924852425923,32.77206198709288,16.737465860245354,8.361528727747888,-58.45044503511999,66.81197376286788,284.8523121860472,1,S7,243634,243889
1.5854671431349523,31.822786994354946,37.98330901558511,37.95020497588213,41.33401550231152,-79.33421601382396,120.66823151613548,433.3763536359757,-68.00937174513972,68.00937174513972,71.95995534528532,23.515112760241028,-21.716613324934794,-103.85628269069385,82.13966936575903,304.6960698722736,2,S7,243898,244153
11.125361609827074,17.08915618239878,20.960309395197115,17.76403386038696,45.58809876135276,-31.555932712074625,77.14403147342739,402.5177559431049,81.40855475755444,142.62767170351853,242.90457259624205,228.8564585071815,701.6731731610786,-104.47666619127703,806.1498393523556,1677.3216541334016,3,S7,244162,244417
29.085657518754605,29.411393487339176,33.352012984187894,16.321191647644838,56.09230058365202,-7.306621520414228,63.39892210406624,374.8153434033292,-48.93124877384885,48.93124877384885,51.20903191705867,15.102908438908338,-10.783666310367789,-75.5078394974528,64.72417318708501,292.50954135693405,3,S7,244290,244545
36.46161831513828,36.46161831513828,37.53616643200703,8.917072403681852,56.09230058365202,16.788376521533188,39.30392406211883,333.7081553254173,-67.76722700241072,67.76722700241072,68.7948522415965,11.846292219375158,-37.51507905944571,-93.11053335603768,55.59545429659197,292.3494142226659,3,S7,244418,244673
-12.149987891565717,54.10714143529438,66.64531679066214,65.52843691377446,69.41490021277129,-125.8528381556688,195.2677383684401,687.4781707325981,-61.44287895914504,67.04743891462574,78.22359533408802,48.41181149474793,21.114428715159576,-120.92602815873524,142.0404568738948,473.0209482182988,2,S7,244935,245190
32.5344369854795,32.65901464536162,36.81410841822979,17.227564792130128,63.862863534677246,-3.1626041571359718,67.02546769181322,598.589412704694,108.06846622667145,153.93174270638164,273.6269697109848,251.38203030573,784.1183473969894,-87.89093030119777,872.0092776981871,1818.779634887865,3,S7,245199,245454
22.095729160647902,22.5994263675783,27.818972602033707,16.901893074209053,61.402860350936926,-6.816682303885024,68.21954265482195,513.7471872798769,-0.4874295421236319,25.47407517718076,42.28362088837294,42.28081134360023,231.3545429979665,-32.244667408464714,263.5992104064312,529.3829298651145,3,S7,245327,245582
8.886077481250418,13.248570175635663,15.646878697524718,12.8787592559325,36.05544774733373,-22.214107111698844,58.269554859032574,518.2133645748855,-18.226797385973505,18.22988343028361,19.667254984031548,7.388151031048499,0.3950136716937663,-32.244667408464714,32.63968108015848,307.3203131743276,3,S7,245455,245710
-50.3548913182649,52.06224369053571,60.46796373140882,33.47774720838759,22.89938199249845,-100.22018410971496,123.1195661022134,519.7961581103694,57.73967730607105,58.7210573288135,70.24861464111127,40.01246710196883,138.47163020169162,-10.697769318128827,149.16939951982044,449.9791918315976,1,S7,245729,245984
45.76622018878669,45.76622018878669,46.94364160148602,10.447898182900849,63.88037912864265,20.775119014358395,43.105260114284256,329.174587684306,74.93367134723727,127.05287228888996,223.706167639066,210.78281319448732,681.2160625793549,-63.76690395687005,744.9829665362249,1608.393730573098,3,S7,246238,246493
51.99114620836434,51.99114620836434,52.802512212682046,9.22095504331944,76.68221600357786,30.410694890445463,46.2715211131324,402.97777794711953,-47.72047117415167,50.93978786516465,55.565643341548125,28.465722384599527,54.477473100495374,-87.8681317821442,142.34560488263958,402.62080047089535,3,S7,246366,246621
55.76709020456335,55.76709020456335,57.2044412790955,12.74283140316858,85.6088722749174,30.410694890445463,55.19817738447193,423.17381544409454,-67.51748741686595,67.51748741686595,68.03667992326751,8.389201862781821,-49.54424707669403,-87.8681317821442,38.323884705450176,343.7214930044172,3,S7,246494,246749
-134.8897694567672,167.87981242537114,179.25385099831183,118.05377246672458,82.76248407933261,-236.973312325473,319.7357964048056,915.8273561606518,-90.63461448006078,90.63461448006078,93.39671044890436,22.545779665543623,-46.62429654459232,-140.93403639751136,94.30973985291904,417.38563749430256,1,S7,246769,247024
25.44670217297876,25.930788609053504,29.004792396415635,13.919171328742534,57.23993212434196,-8.47134658200387,65.71127870634584,420.0538782620448,103.19511089363586,124.46189464831252,241.50676107630423,218.34899755487152,750.8356102502404,-52.18569566828596,803.0213059185263,1696.872834212692,3,S7,247276,247531
27.339944670046563,27.339944670046563,29.23980694998837,10.367918591085724,50.47610708668356,8.231289451787188,42.24481763489638,399.25123179295326,-0.1044107528930489,20.00655596927216,25.590174906701723,25.58996190208705,112.05927353731744,-33.30082079585798,145.36009433317545,312.12771889857186,3,S7,247404,247659
24.5438101706856,24.5438101706856,26.679617523794683,10.45960675748962,50.47610708668356,6.15099362126134,44.32511346542222,367.8391687119889,-33.73913526602603,33.73913526602603,37.74303970064607,16.91767706706047,-2.727918713289056,-72.1714259315986,69.44350721830955,313.09114442314973,3,S7,247532,247787
-2.8751267478612053,15.292509765057204,19.309111628857963,19.09385864825208,45.83966706729254,-44.87502864054224,90.71469570783478,567.934575601131,36.945390848789806,60.37834998061093,63.92208518915662,52.163886645455726,138.2397293726072,-47.18094771167314,185.42067708428036,527.0493633702854,1,S7,247806,248061
-3.2661367001720496,24.53137336899137,29.546248403518536,29.365168921329413,43.483402901697126,-69.07011335217294,112.55351625387009,597.4249612423654,-14.075399964475633,36.15105920740293,38.62783640185878,35.97211226671025,60.997191414693305,-54.85092197370481,115.8481133883981,372.6418928819572,2,S7,248070,248325
-2.1337386575993773,11.492532198683048,14.064484838627743,13.901686700435157,35.967771880566055,-27.592256140283272,63.56002802084933,469.6345073754268,107.79001808704444,160.17266969933033,273.0245992145749,250.84605593286472,743.9895422018196,-61.233955503776,805.2234977055956,1722.289479790478,3,S7,248334,248589
-3.226700219371784,8.32426960622258,10.29849963746262,9.77995401201477,19.578820555264063,-24.732713935497664,44.31153449076173,427.3910003709143,-43.55691226475135,44.79216633816681,46.626779249826704,16.638868265985643,29.194131293269606,-63.01708800950663,92.21121930277624,333.48064111845457,3,S7,248462,248717
-11.815886908081223,16.982709523234803,19.58929157123452,15.624505138988388,39.65887978972906,-34.26372014582197,73.92259993555103,515.0604476950342,-60.88250424323952,60.88250424323952,62.06222640301532,12.043281246033084,-37.32311388749487,-82.75524503798903,45.43213115049416,323.3044652272574,1,S7,248844,249099
25.86310376601309,26.22681277372192,31.23584172272504,17.515069846151622,56.21444737215271,-5.549494555592529,61.76394192774524,461.6238065448226,-32.787847084752904,33.45653159065348,37.00029197183409,17.145806762816107,16.499590830552428,-66.01271222562275,82.51230305617517,411.8455856789073,2,S7,249108,249363
36.9814400007168,36.9814400007168,40.04901134733152,15.371935641683883,67.91198629854169,0.3133012868912391,67.59868501165045,524.445358540732,88.32401201232591,137.99873972844705,244.08015845291555,227.53899149914253,738.6526032529174,-58.596723861050485,797.2493271139679,1750.4300139788525,3,S7,249372,249627
48.34994468312233,48.34994468312233,50.74043332334715,15.39072522592901,80.67213642896684,12.511764967508578,68.16037146145825,514.3325314954056,-33.35282522394935,33.44520251267035,35.31939884038172,11.621057784326077,3.5820254308126414,-58.596723861050485,62.17874929186313,388.7745562994753,3,S7,249500,249755
-132.95365753648545,177.13917925661403,210.0133577348141,162.5697861680391,65.2370954159187,-300.94417300533485,366.1812684212536,682.3600245997056,-20.709480546210376,26.23223053066394,29.4945757295179,21.001128849907108,42.216370251205305,-44.93771052835951,87.15408077956482,353.1976099228707,1,S7,249881,250136
-61.07071944017012,106.06635563306718,156.58100539063693,144.1803678598536,74.29606053920051,-302.5412744758642,376.8373350150647,808.6522213166497,-47.29932481503171,47.29932481503171,50.78350925688148,18.48617549645931,-13.60540065442868,-77.28918286540026,63.68378221097159,329.65598428765713,2,S7,250145,250400
26.555644470694464,27.125439098111,33.92275274739441,21.10807667000785,75.76588622594562,-9.265320699244446,85.03120692519006,499.5152767104893,108.20306159965278,122.04882595407274,241.90540884253824,216.35693723044176,745.2717575768141,-37.39018228712786,782.661939863942,1659.541817763209,3,S7,250409,250664
15.008492651943426,15.60500786382634,18.579973325738145,10.952650688381382,37.92002456995154,-9.265320699244446,47.18534526919599,412.9870013828865,-2.791035689090611,10.472026385379191,12.920701116049162,12.615650483129937,39.05543644474048,-23.69270984387328,62.74814628861375,270.8521767586323,3,S7,250537,250792
85.0076742280738,85.0076742280738,92.3252938555058,36.02298166225525,140.12329064382828,17.621064812030802,122.50222583179747,397.8357587339582,-39.14947128210278,39.156136730263896,43.51784798957668,19.00321004398237,0.557939359998548,-66.21885613683673,66.77679549683528,352.35712290355013,1,S7,250920,251175
26.27150875627685,29.507058412812984,44.41504350009451,35.81206384424328,108.89468200783784,-21.85547185504504,130.75015386288288,516.0053159331255,-27.63637002623071,27.63637002623071,30.739972093790445,13.460198219204353,-0.2852261144772346,-65.56828001585347,65.28305390137623,350.66707799033134,2,S7,251183,251438
3.648351143963677,9.398946539142235,11.693428862732288,11.1097170305152,29.070532119010075,-25.04206395520609,54.11259607421616,355.23123710336284,116.43452495102588,132.78889602522693,259.3174304875713,231.7078573421827,743.3760972334704,-47.69314291682472,791.0692401502952,1741.5062657785716,3,S7,251447,251702
15.005186266288908,16.665459642280382,21.077865662719063,14.802729681028632,52.70795242382886,-20.64938757389165,73.35733999772052,435.99207191619575,-2.7844076419639503,15.130692103260523,23.30332870068241,23.13638266055049,114.64998460918656,-39.13300992471732,153.78299453390386,410.885844733608,3,S7,251575,251830
30.27668889224793,30.72162695153341,33.37191959948113,14.03592275115048,61.86872175870762,-13.946637393410027,75.81535915211765,420.50320162015225,-24.391668158498703,24.8341547618468,27.66258571868756,13.048569771795586,7.648360357707799,-43.47138516413314,51.11974552184094,321.947051110591,3,S7,251703,251958
-19.873774116431647,109.1951192313507,134.79424573878083,133.3211228075127,83.11973036826076,-257.9761930185148,341.09592338677555,652.3671227442039,-49.358644225494565,49.358644225494565,52.81384471023078,18.788997666118945,-3.1139599197019168,-87.97979465625075,84.86583473654883,408.6478609173197,2,S7,252221,252476
70.56335192489607,70.56335192489607,71.99851119645295,14.303809968991745,92.07008852287322,29.196246650799303,62.87384187207392,517.6015542188945,90.94077398658122,129.46788181038093,237.4676520238273,219.36422083929523,689.7948328880052,-72.11980554443642,761.9146384324416,1657.0563498108136,3,S7,252485,252740
76.54254520995099,76.54254520995099,77.85231058845153,14.220444322992494,100.19166324705182,29.196246650799303,70.99541659625251,444.1439602953132,-24.325255023292826,28.87176618327023,32.318204104078504,21.27788252069843,71.44441962873039,-53.799366196345694,125.24378582507607,347.3923402511082,3,S7,252613,252868
84.264839901699,84.264839901699,84.55668776460111,7.019273613507113,100.19166324705182,70.61528365327281,29.57637959377901,370.5873281927878,-33.62478382856212,33.62478382856212,34.83077949630444,9.08609447467114,-14.847226732141936,-53.799366196345694,38.95213946420375,288.15530259498246,3,S7,252741,252996
-97.18471988386366,140.87949813910535,147.1397990612286,110.477376366719,91.2064243826313,-182.4546171655748,273.6610415482061,579.0128712086375,24.721469003326504,39.10283637023531,40.829711547524326,32.49483521071632,73.18652436399105,-35.09186619671434,108.2783905607054,440.4815905688687,1,S7,253015,253270
2.5643145577833053,15.029781604164562,18.605120316612357,18.427555259566105,44.8160127460135,-43.53165654222973,88.34766928824322,654.3896973777565,76.1264663915996,179.07098245686785,279.7093438965087,269.15066074179344,775.2078767110593,-113.61297116433602,888.8208478753953,1978.4792636700795,3,S7,253523,253778
3.559641786705757,14.848117734769495,19.52198653285937,19.194710431248524,55.93527854557971,-40.45708612993617,96.39236467551588,733.2003427910604,-68.61664076553099,77.31352420588127,79.47974585459384,40.109682262078536,131.94197658921826,-103.13176072640884,235.07373731562708,525.1944379462195,3,S7,253651,253906
0.7379942610733791,15.782796515562342,19.66714377931691,19.653292571651868,55.93527854557971,-40.45708612993617,96.39236467551588,574.7778593871014,-81.25885435516508,81.25885435516508,81.9754873641724,10.81568848847165,-51.5713278005528,-103.13176072640884,51.560432925856034,297.6056174681464,3,S7,253779,254034
80.06768778440279,80.36720931765535,88.05429735895639,36.64320750478743,135.5475606015937,-6.408514726692656,141.95607532828635,577.718889213896,52.50592068751341,76.51004974595244,78.68170189854669,58.59981660729253,116.77567478757908,-69.79079027040332,186.5664650579824,518.6420757201865,1,S7,254053,254308
-31.993095182801326,50.227028619642994,52.58642438150432,41.73456468990524,89.58886238566923,-73.61669164053377,163.205554026203,460.96264196004273,-17.161724014739004,40.80586912833522,46.79192166035698,43.5311286496332,100.9178487220852,-57.83124231728937,158.74909103937458,394.6968454051057,2,S7,254317,254572
-55.4822540420148,55.4822540420148,56.81230475752168,12.221188906111102,-23.82353510389845,-82.47963037874591,58.65609527484746,426.005389630026,78.31827761768038,128.9508426625408,233.7422419718121,220.23097664272643,718.1921664347628,-71.30367039645675,789.4958368312195,1675.2802580807197,3,S7,254581,254836
-57.96452334018112,57.96452334018112,58.61113979375697,8.682150762853636,-38.3084120502718,-82.47963037874591,44.17121832847411,387.4738052143052,-24.55708140708053,24.609159604443537,26.573023181843134,10.15260133112652,6.287346010440139,-39.82269877731814,46.11004478775828,308.25481238016584,3,S7,254709,254964
22.329425316183677,30.039013712259027,32.56303429244113,23.701222908948665,56.1876712929999,-33.08746033359617,89.27513162659608,347.703495726819,-67.79752452333688,67.79752452333688,73.84232319290838,29.26062820640508,-6.390593144019952,-100.0252455402061,93.63465239618614,410.255472962235,1,S7,255091,255346
41.07119719252016,41.07119719252016,43.13909405928029,13.196143278570302,73.06816003816905,15.7159985349692,57.35216150319985,345.9167586608406,-50.57961119478741,53.85232362646542,56.92915276416777,26.127215041601488,44.57811880658368,-86.79043179569263,131.36855060227631,475.9330415471237,2,S7,255355,255610
50.75828310904419,50.75828310904419,53.33617846667931,16.381227953104904,76.14617054116341,8.251695586326237,67.89447495483718,458.51212765549934,78.46620162048788,154.5127301884928,252.7847765675482,240.29814495238665,708.0263032927757,-94.9492515626151,802.9755548553908,1733.7419814918185,3,S7,255619,255874
66.11535574148662,66.11535574148662,66.78552241309316,9.43746465775847,87.26255895428778,46.96120489720699,40.30135405708079,346.12696940421023,-37.95463021867296,39.47409074967968,41.53897254572498,16.87993735528336,50.11563620461548,-66.51867145163476,116.63430765625024,393.8150439153584,3,S7,255747,256002
-171.90780383103436,204.3480806159394,223.70473980430853,143.1485857174426,73.55303092250098,-289.103392274808,362.656423197309,880.8971487797103,37.925180499031086,51.38009421577633,54.49978458807073,39.13958615343326,75.57500380072531,-36.61388063842442,112.18888443914972,373.2121053264647,1,S7,256128,256383
-33.512830836861866,126.32347592301858,155.02633193500168,151.36067442543057,93.68961560796514,-295.86991264795626,389.5595282559214,735.6422195604666,-7.919452800961876,35.77756162700423,37.27192879213021,36.42085862824985,62.76614108372481,-42.83256082444291,105.59870190816773,334.0051608889785,2,S7,256392,256647
97.56951720727002,97.56951720727002,99.37652593607092,18.864867321632996,134.69753070122903,63.31762360174696,71.37990709948207,548.2317930954716,77.01589774585231,108.8867059002774,212.53582236672256,198.0909570967324,667.2915732259532,-63.24719810312116,730.5387713290744,1581.690257510343,3,S7,256656,256911
81.11054791138301,81.11054791138301,82.53611889982619,15.27383188860894,122.65511394092464,54.686309239499714,67.96880470142492,490.93787580693976,-18.87071583970457,26.04519360042309,30.545510676683275,24.019248660116222,80.24034217946371,-52.910060151473424,133.15040233093714,343.91102098146,3,S7,256784,257039
-67.82740228852063,92.01442050891892,97.92431543635512,70.63012850384716,64.443512023545,-128.5099096231786,192.9534216467236,487.76787482994246,-58.81409257726735,58.81409257726735,59.55716106542448,9.37858989856893,-37.49394591331384,-75.10631662550256,37.61237071218872,316.1257898808004,1,S7,257166,257421
-10.8700192607842,48.09346456632324,61.0368460617321,60.0611293469725,49.90756509333411,-128.65867585646595,178.56624094980006,417.22467360010097,-30.48368736226702,30.79422681899591,35.46132588346816,18.117683025516552,8.735912777277822,-68.06588341317642,76.80179619045424,350.1466394797485,2,S7,257430,257685
1.688518216443347,7.5854741907566146,8.920402328980721,8.759137168901034,22.37044243984654,-13.943298991616798,36.313741431463335,342.5619700189841,85.99042682602993,99.6950769631585,207.5800524101468,188.93153429979995,656.4812329607599,-25.49812109248305,681.979354053243,1496.0133090664926,3,S7,257694,257949
1.4761937324064385,7.103410599234517,8.104009410849974,7.968426481781011,18.08685957998173,-13.943298991616798,32.030158571598534,362.22136987320505,-4.509329886907784,7.180904450251492,8.629174982408404,7.357214476149471,25.981363764946792,-18.348832315754837,44.330196080701626,295.17386955065047,3,S7,257822,258077
16.000689317230155,17.96680073568257,23.436796455435864,17.124875750410798,49.348130684153936,-10.979566677680069,60.327697361834005,373.046686587313,-4.875541651283449,7.113794800584369,8.22901579703729,6.6291624353676495,10.701193214045183,-16.23757340766584,26.93876662171102,277.3336336532185,3,S7,257950,258205
0.7681026107229467,34.631194681085894,38.18649846033093,38.178772675928926,48.72271004913633,-67.14990393134042,115.87261398047676,308.08323960677683,-17.981140372810305,28.83929802052685,42.50964616947195,38.51945752924089,44.420119235388206,-83.759275411816,128.17939464720422,411.4298314754608,2,S7,258468,258723
48.70552418244848,48.70552418244848,53.3258578299352,21.712186149980084,110.0515854127483,16.461187261575777,93.59039815117252,426.9205884625924,131.7697088989899,144.99272510087397,262.3807925977599,226.89297948791665,721.3681239735087,-41.9707860801894,763.3389100536981,1570.2341178291588,3,S7,258732,258987
32.05394678316063,32.05394678316063,33.73371747638683,10.512287591147444,69.34304261739906,7.511453078417674,61.83158953898139,364.9944778977398,-25.376910989237015,45.49683249970718,51.8531972283297,45.219093881284266,149.06024034865635,-71.16837811135488,220.22861846001123,390.4657803462134,3,S7,258860,259115
29.148643213862226,29.148643213862226,30.745796405205148,9.780623465878302,46.96341392435888,6.386347284511729,40.57706663984715,440.3012254117352,-59.75106933593096,59.75106933593096,60.25332341303543,7.763549157995661,-42.4463994450157,-73.35390627806501,30.90750683304931,329.7869229686761,3,S7,258988,259243
-148.09833962623088,163.6036348945217,174.5120810090237,92.3111489369167,54.424579970939526,-216.4169144901227,270.8414944610622,586.6115563761957,1.8456454672992528,30.02287196880415,38.1655494428983,38.12089659343485,49.99920516336413,-87.16284426509841,137.16204942846255,408.630339278821,1,S7,259262,259517
78.154444140272,78.154444140272,79.0853004842802,12.098248377926168,105.84211112733117,50.23075782799969,55.61135329933148,446.4488663706704,81.4232239324524,140.5459833877453,242.25539500896912,228.16208058175965,699.7703067750873,-96.59420770712592,796.3645144822133,1664.899124854986,3,S7,259769,260024
73.4900977556888,73.4900977556888,73.94446073588263,8.18466892304106,91.39931190513272,50.23075782799969,41.168554077133045,384.8133573163362,-16.004038123752945,29.691571507773887,35.67289239553364,31.881436849627462,152.02752702039618,-44.722092978263575,196.7496199986597,451.0314047935708,3,S7,259897,260152
72.88515348467797,72.88515348467797,73.09181923590285,5.492580516372317,84.1395354993549,57.234348708813634,26.905186790541272,305.93009208002417,-12.085000572625466,21.01672565646868,23.248570985142138,19.86073548514341,24.08444218705033,-39.71501065151893,63.79945283856925,311.4522416357404,3,S7,260025,260280
-171.98067164169234,195.0679476557642,214.38617609403892,128.000316725767,59.46339427070774,-274.7235257673525,334.18692003806024,665.2013683213246,-55.740046761158304,64.89025830848435,71.98116847778641,45.54487679741113,36.21079344377596,-100.62042167127866,136.83121511505462,394.7219739529348,1,S7,260300,260555
-26.280897428071853,90.37396958268036,121.62326647255138,118.74987738026682,59.37911396556859,-245.4303363424694,304.809450308038,573.7288066785422,-9.467680466296455,33.464178167492555,48.115512936039,47.17484087610943,77.9317311243416,-99.2307713937607,177.16250251810231,467.8219005556535,2,S7,260563,260818
48.19121485463349,48.19929485445151,51.53384897574352,18.2577216839696,78.28662455827542,-0.8096293516668311,79.09625390994225,391.2233994636593,95.426670282119,97.07564382864776,203.76620555349447,180.040043114127,692.8630441999381,-11.637724037269845,704.500768237208,1570.3575762841,3,S7,260827,261082
23.29122458568778,23.40229552604953,28.023044565816907,15.582358102572709,60.01733926374089,-2.9112046372709206,62.92854390101181,404.5036876027657,15.451295382249064,16.33543977741662,19.207082251404003,11.409184003367086,41.39574442845941,-11.095473503583712,52.49121793204312,335.2129258661647,3,S7,260955,261210
17.9321716663559,18.03516260689964,20.966922363674318,10.865038091635425,44.49761416445451,-2.9112046372709206,47.40881880172543,403.152782865684,24.106223796472648,24.860379513582608,27.609529634201408,13.460167194214993,41.39574442845941,-11.095473503583712,52.49121793204312,306.3002365565452,3,S7,261083,261338
26.24785197172053,26.24785197172053,30.16404631186098,14.863376358510894,60.72383793237798,6.197651348200571,54.52618658417741,270.81035615541634,-24.56292132839367,43.803788597513815,45.07697022868949,37.79677421174063,42.24262982295344,-72.43520038561773,114.67783020857118,406.635838841452,1,S7,261358,261613
23.40077103519153,23.831617780633213,27.76902768231279,14.950679361808108,51.176666463614765,-9.192306490541007,60.36897295415577,356.59933357569616,-57.420022576959234,57.98936930326293,61.09979745789863,20.883636097617877,17.506685997410084,-96.29658149641416,113.80326749382424,437.1231566044413,2,S7,261622,261877
25.134507485127404,25.694846208277287,30.237080402062453,16.808853759874996,71.2384354010537,-12.677346973392906,83.91578237444661,573.9166290667265,30.072725961551757,127.09580203838703,192.61151213974165,190.2493778228966,597.7474062760261,-93.33570784426516,691.0831141202913,1559.8117339673358,3,S7,261885,262140
14.115573105292851,14.493603143097143,18.4520186921757,11.88392147927335,51.258243528754456,-5.584346242493003,56.84258977124746,415.3601646258936,-84.96111475801251,84.96111475801251,86.83569027720158,17.945642507135474,-41.34264433551148,-118.41391617778535,77.07127184227387,356.4956952737185,3,S7,262013,262268
-65.24059121942653,65.67518495949555,74.0160822243568,34.95777002588167,9.286855706497828,-106.8984511868672,116.18530689336504,463.9355993439183,-62.56639961414038,97.14489550336322,107.79380636417008,87.7778464636715,83.05191407146133,-158.9208981642303,241.9728122356916,487.2546427053728,1,S7,262395,262650
-33.41782712321801,33.52560696732931,47.37626635229345,33.58212982891596,3.654423846502898,-107.96503444487432,111.61945829137724,472.67498217306286,6.108671779949198,24.396588480460245,27.793323502085848,27.11370429093837,70.9528556087838,-45.61145084124153,116.56430645002531,430.6163594681952,2,S7,262659,262914
-24.269108505501983,24.269108505501983,25.62470038646586,8.224089143748074,-2.390377580748925,-40.2882723904337,37.89789480968478,381.1069190933083,152.76157153493838,152.76157153493838,264.4817772114792,215.90394331535128,753.1357915375864,8.54786348785052,744.5879280497359,1621.3719258631895,3,S7,262923,263178
-24.498613051941557,24.498613051941557,25.83603460891936,8.204793894091289,-2.390377580748925,-41.263668255513785,38.87329067476486,372.6257207200237,42.37138206882737,42.37138206882737,47.14877506006897,20.68025558938856,154.3816245068773,19.84165166719183,134.53997283968548,417.97334876080873,3,S7,263051,263306
125.4914747663643,143.3311595326308,157.96202179034174,95.9369068140898,208.24567854538887,-45.37722231717083,253.6229008625597,759.04951508597,-41.45226832492483,53.92877792332247,59.13752822214812,42.17768005644454,47.618418824742086,-96.33888241458142,143.9573012393235,444.7031280603029,1,S7,263433,263688
50.024022688114485,85.22501890674783,112.66174030970886,100.94684187091386,206.5114783887697,-61.45367409268602,267.96515248145573,626.3398851343679,-82.51451013072023,82.51451013072023,85.92975672464735,23.984968389479818,-36.48130058669921,-128.26909283336067,91.78779224666148,420.6560019884247,2,S7,263697,263952
-53.65051801779112,53.65051801779112,54.88516923142796,11.575997494175512,-23.63195197862101,-84.4276052294313,60.79565325081028,294.9714677437098,43.25051287492363,119.06317375395956,205.0655678865337,200.45268835484003,687.8587387696157,-79.2502925532456,767.1090313228613,1743.7584854746628,3,S7,263961,264216
-40.04911353550185,40.04911353550185,41.89973662450844,12.314886691466404,-15.50862602623394,-70.69398630772685,55.185360281492905,307.38922803791,19.786895444556464,51.11296724971783,57.88823218738702,54.4015275010456,224.08174483368563,-59.13869493456267,283.2204397682483,662.7141619532143,3,S7,264089,264344
-30.93615174943944,30.93615174943944,32.3297380873456,9.38970072643531,-6.822076777524056,-48.1776463707502,41.35556959322615,359.5639196576117,15.915766730522275,42.82730580520416,47.25415812099028,44.49318856974797,81.94367903919915,-57.22714953094889,139.17082857014805,406.1533502298832,3,S7,264217,264472
-6.5940189156559015,15.722790264530497,19.341921155249924,18.183201822448016,35.76401984996492,-57.34100077558341,93.10502062554832,559.6583194766965,-37.62864280760628,37.62864280760628,39.56868961401219,12.237909879861691,-16.72582787128607,-65.75899112918069,49.03316325789461,309.6613907908075,2,S7,264734,264989
-34.01891535052871,34.13594454376393,37.99830041078834,16.928798908430554,6.6723010707109465,-57.35867166711889,64.03097273782984,357.3583464203321,90.93552653602924,112.7253811972873,222.86419954331475,203.4678880111,700.1443880045907,-37.457067721683885,737.6014557262746,1615.712309579114,3,S7,264998,265253
-47.56548805268339,47.56548805268339,48.025267148429656,6.629527206978656,-30.17409640255489,-60.84787977743839,30.673783374883502,330.8608166965231,-21.33140501046878,22.00232960541361,23.76370897562516,10.473061852082946,8.818899589204213,-41.49804169393548,50.31694128313969,343.1417628393084,3,S7,265126,265381
-50.10759796365487,50.10759796365487,51.41139526997885,11.504789868517086,-27.32015916743487,-81.8930480142328,54.57288884679794,422.5044824226662,-20.52440123469685,20.52440123469685,21.93734370092139,7.745708657671674,-5.368837162815725,-41.49804169393548,36.12920453111976,341.3545777329325,3,S7,265254,265509
128.05675677511482,143.7495873319183,158.6897317932713,93.7224520638437,233.59519605132425,-50.08689382126259,283.6820898725868,705.2874431199695,-11.813988187235983,13.947921464199608,17.403781215514698,12.779721581840148,12.937097087287327,-39.6217535914368,52.55885067872413,316.5953418203991,1,S7,265529,265784
-34.564160711973656,34.564160711973656,36.609066291973406,12.064100838726429,-5.004116500403648,-54.45135656998446,49.447240069580815,377.5853787984039,112.86979574051834,112.99160380166713,219.7537333673114,188.5526784173724,711.2796052482383,-2.6005127923917835,713.8801180406301,1654.739229380345,3,S7,266036,266291
-20.10770747514004,20.982329857119247,24.394102513922498,13.811311941809052,10.367914520581795,-51.85067820919433,62.21859272977612,460.14621257577465,10.118410664763733,22.838084304884564,25.88788032485916,23.8285566775125,42.89020023396766,-40.53671625519392,83.42691648916158,343.66887565289414,3,S7,266164,266419
-13.36277031780176,14.298416904981718,16.92971224908574,10.394783608643325,10.367914520581795,-39.33708117476248,49.70499569534428,397.2919535321563,-20.33747816851674,23.23506216682094,26.248102652536947,16.59366971478045,16.6452536695383,-43.222618030477534,59.86787170001583,285.02796096397736,3,S7,266292,266547
-19.214497075024237,20.944632100986773,25.140727152798743,16.212935080526204,19.61130139113125,-56.792634562615575,76.40393595374682,385.4672334756192,-78.71532019843467,78.71532019843467,82.93187799576778,26.107369725095165,-28.63169571605499,-113.95118102406654,85.31948530801155,381.1015946742486,1,S7,266566,266821
-16.075730249764312,16.663864019796936,19.616030548463712,11.24097644402274,19.8388038964258,-35.85980135208999,55.69860524851579,403.117939872496,-33.40051915520495,35.95944811745392,44.79013425832577,29.84227617058785,33.42190444502359,-87.39415677604593,120.81606122106952,455.8002668019754,2,S7,266830,267085
33.1221475678602,35.920874385860174,43.21893487690612,27.763279208104084,83.38132032826466,-23.068253275967177,106.44957360423184,547.7224850309271,86.35788529668888,95.9757497176499,216.7604043213036,198.814960525155,713.8876537117957,-32.54922011657939,746.436873828375,1688.3429349810085,3,S7,267094,267349
64.96706425627562,64.96706425627562,67.94692398554908,19.90138289212433,96.7216623574001,13.257845588160531,83.46381676923957,469.51735571395807,-4.392740954520025,6.721837126831774,8.236872569027776,6.967775586576016,10.695046941746783,-22.36729784873906,33.062344790485845,302.3540254732821,3,S7,267222,267477
-154.41054683122945,199.5489674587836,209.8308757171564,142.0787789626214,114.16796248110448,-255.22345611541004,369.39141859651454,663.4580195743938,-22.409738015400137,22.409738015400137,23.4691169809773,6.971591923508368,-1.0329125761257567,-39.798041803985925,38.76512922786016,366.0615436214206,1,S7,267604,267859
-2.770697742760305,147.55144255555467,160.13569399339866,160.11172263380865,147.96168450592228,-267.0268635588958,414.9885480648181,972.1912184151024,-40.8054800772571,40.8054800772571,44.10059455097307,16.72648305573795,-3.7072368806485634,-60.77817684198085,57.070939961332286,299.7106548987514,2,S7,267868,268123
93.22391112200428,93.22391112200428,94.06202275676236,12.528628025858426,124.91968881804075,64.4116577800853,60.50803103795546,431.7948570914937,98.03810049225912,139.2327996550774,261.8449929016071,242.79895213841505,774.4189953770746,-69.92186833427859,844.3408637113531,1845.4396972190616,3,S7,268132,268387
94.59604234301716,94.59604234301716,94.84762756866938,6.903711207974604,108.9500133219464,74.74198464047568,34.20802868147072,346.1334974790543,-15.863912907899792,15.962616952338848,18.342460077038165,9.207720072217084,2.691511236263249,-39.68154670359733,42.37305793986057,368.4119511808971,3,S7,268260,268515
-155.36312118610053,203.23718492095844,217.63308378421183,152.40229569379466,112.38047623026148,-274.0582480748476,386.4387243051091,711.2053215030994,-48.9760497769142,48.9760497769142,55.39054928957144,25.87391541397755,-2.9029236260556908,-81.75025984873493,78.84733622267923,326.334904886524,1,S7,268642,268897
-18.60294296162442,123.54051048096709,146.8861299635002,145.70334824162697,89.62643574017879,-272.46554519995726,362.09198094013607,627.1322105188864,-46.85226402211089,46.85226402211089,50.04928517156355,17.601031281913706,-21.393840234023475,-81.99693789798928,60.60309766396581,313.69175645184885,2,S7,268906,269161
92.71634344761544,92.71634344761544,94.49638466987972,18.255036931808714,142.07883745554415,56.06397787850294,86.01485957704121,473.9949724937387,131.18173283653792,136.91305901348753,263.7757312806196,228.8427175652064,774.6969835752391,-35.86166055617919,810.5586441314183,1725.8858626728504,3,S7,269170,269425
78.21836684962648,78.21836684962648,81.75385261109571,23.781915484964905,142.07883745554415,41.99905449773373,100.0797829578104,460.7757675953903,1.6024460830252805,10.00307090746277,12.131274788847543,12.024973785980782,29.500509215628192,-21.394677929368747,50.89518714499694,292.98342486473643,3,S7,269298,269553
-121.3876576136518,147.6723425157999,160.79920790122256,105.45815208285909,76.35106887212639,-215.0891202110166,291.44018908314297,716.7888713270129,-91.28028158470002,91.55605174068651,105.03583574654895,51.96572894508346,7.182694508413055,-143.89606455472168,151.07875906313473,421.0412929768637,1,S7,269679,269934
-28.78330896983462,111.71032016302274,125.38074163891326,122.03217403074876,109.02019415443937,-201.54063505172863,310.560829206168,651.7983524392316,-53.687497792879554,57.516274268039446,81.6462163815915,61.51225268325989,36.34653423715136,-143.23459190694848,179.58112614409984,520.1136565836841,2,S7,269943,270198
87.67794807326776,87.67794807326776,88.49732225941652,12.01471883767502,110.417170352572,61.82379400922297,48.59337634334901,456.2936936089807,111.91472028605328,129.79612727945107,250.509360969748,224.12058209090463,773.1787308157168,-35.73090493816906,808.9096357538858,1720.5157565178802,3,S7,270207,270462
76.76252998481866,76.76252998481866,78.75531326768737,17.604356228541626,110.417170352572,37.962237291598576,72.45493306097342,530.6356329883397,-8.442463200383527,15.080100903477858,17.862752958031784,15.741752073700155,40.47238621706644,-35.73090493816906,76.2032911552355,333.96920819010484,3,S7,270335,270590
52.19985674094816,52.19985674094816,55.87627178409063,19.933206082164816,100.91050648363264,22.74647630357533,78.1640301800573,481.7775858491118,-5.828295175541804,9.849568750062026,11.833461302545746,10.298630090725842,30.478325863499023,-29.73009980172427,60.20842566522329,391.8342600635772,3,S7,270463,270718
-18.139815874309868,25.326927961231707,38.18731345568642,33.60383890285432,18.47208354156753,-87.04326135053257,105.5153448921001,382.1179646824262,-8.184121551824921,23.82060480388515,33.40199484201763,32.38384495162869,45.42583170887441,-72.29625758862551,117.72208929749992,418.35169083077903,2,S7,270981,271236
-18.00797901318549,18.672497266291995,22.758917727647777,13.9169331389682,9.41559725284755,-48.092595844202044,57.50819309704959,411.2223713868207,100.79632386417782,111.72726890606354,231.919757807209,208.87047459328056,751.2504182567759,-26.717962054469783,777.9683803112457,1473.4306299510365,3,S7,271245,271500
-39.3743798369893,39.3743798369893,42.55995393806806,16.155738660394505,-6.234265788422404,-73.30459885546125,67.07033306703885,414.1330388962522,-11.82080099051397,12.73232724577082,14.490649581737507,8.381383492203025,11.988207690094248,-26.717962054469783,38.70616974456403,394.879869528395,3,S7,271373,271628
-58.67559724111257,58.67559724111257,59.83837243074038,11.739041850114235,-32.588233661217686,-87.43936566730179,54.8511320060841,464.7924656295117,-19.11822100810601,19.11822100810601,21.10244266278128,8.933460237846564,-0.3958429435814302,-48.23856910629574,47.84272616271432,402.5574148954818,3,S7,271501,271756
58.5762910489559,90.30452640165828,92.74464380057935,71.90540369571923,129.68806569168916,-76.39148379148351,206.07954948317268,449.1282813374471,-85.62820325533237,85.62820325533237,93.16837515490624,36.71725665499582,-6.906198794628323,-131.26415549239073,124.3579566977624,397.8805111312108,1,S7,271775,272030
23.28805738582397,23.28805738582397,24.808211594969027,8.550657620050357,43.00850092529228,3.958703353853751,39.049797571438525,361.7741176007081,92.11928323321364,100.43870153404367,216.87394217227688,196.33732312004008,721.0278686115729,-26.581189191112653,747.6090578026856,1678.1677933764574,3,S7,272283,272538
21.2372450939522,21.2372450939522,22.62434063054773,7.800013447838155,42.93974994346587,3.958703353853751,38.98104658961212,330.6289875406327,-12.785237493585974,13.595543545227802,15.877020253327158,9.413685482167132,8.408887083707334,-32.264593164383555,40.67348024809089,406.6329303161528,3,S7,272411,272666
28.671478196719065,28.671478196719065,30.927457378814715,11.595428320396964,55.73970111849207,11.115588801280936,44.624112317211136,351.3224657870746,-22.78322646701586,22.78322646701586,24.60563170309132,9.293099766000603,-4.777451650954466,-42.46212814121752,37.68467649026305,356.59669272785754,3,S7,272539,272794
-142.24878561235306,160.06854351164787,175.87389626900327,103.42586901085694,50.03141127930409,-234.60578241635724,284.6371936956613,565.335273793067,-23.648428042704104,24.076759599883285,27.460454255750637,13.958094391471182,9.924009083643693,-62.37856070457404,72.30256978821772,377.07050056680526,1,S7,272813,273068
33.64966159809393,84.31173207910672,94.49524059888944,88.30091035870336,93.35590442874596,-199.6279488913478,292.9838533200938,584.4348521010089,-35.96076287596922,35.96414707167304,40.06684741173552,17.668497244916196,0.2604518102302239,-65.96094690078584,66.22139871101606,359.5750054199104,2,S7,273077,273332
68.18419011308126,68.18419011308126,69.30677974030631,12.423604009888868,98.04327078249898,36.28847835971591,61.75479242278307,515.6012798200084,131.7936360739156,134.03058455289,271.4546737475217,237.3143008539303,816.7182381460772,-21.4668666358734,838.1851047819506,1842.5769162849128,3,S7,273341,273596
66.30980484642484,66.30980484642484,67.59896415229828,13.138863561692116,98.04327078249898,36.28847835971591,61.75479242278307,537.9632573735479,5.156473532086967,10.43918463277603,13.26470348481195,12.221421327033484,29.74368392795986,-17.625070321353814,47.36875424931368,302.96337583963583,3,S7,273469,273724
-80.35838879525944,105.5610217980254,110.26051712682998,75.49775484943834,76.67136672500246,-151.48992074040734,228.1612874654098,714.2901319525388,-83.4302479581013,83.4302479581013,90.58242990069748,35.27846839595658,-11.106084758058495,-125.88411245847946,114.77802770042096,518.252914969119,1,S7,273851,274106
-26.800236512068835,45.70860409788824,67.62559843710316,62.08839575052252,40.06717432401946,-145.76843316889872,185.8356074929182,567.6239712906638,-36.70095034489979,41.277572992906215,54.25033878476603,39.95171463207918,28.8406106385375,-125.50232175569124,154.34293239422874,479.2139457907359,2,S7,274115,274370
-20.65005348221701,20.768242879084102,23.333355654041902,10.86373679999595,2.207596053350896,-44.559333782092416,46.766929835443314,301.100838224591,110.88803975742292,149.95187458987542,269.370566437402,245.487972620988,763.4595715528039,-48.25946603743196,811.7190375902359,1743.6501914017197,3,S7,274379,274634
-23.842603976668357,23.842603976668357,24.377309689947623,5.077741952026763,-10.997228651802136,-36.43445097747298,25.43722232567085,306.77269410704014,-36.16478017676838,36.73149319306374,38.75180868900782,13.921614541262173,11.427904563367772,-63.92089452772088,75.34879909108865,289.98421624849686,3,S7,274507,274762
69.54614876708996,74.47282257740498,81.43906785584058,42.375169201951245,109.50606286352586,-25.972180040406776,135.47824290393262,433.68468643388616,-16.35177149845653,18.541744582386865,23.60989512126212,17.030757954338423,24.681315107138595,-53.33322215007696,78.01453725721555,332.86365049248195,1,S7,274889,275144
28.11470087327568,35.07913645830639,53.02850684098846,44.96205213945413,104.6156316572836,-18.725841958739224,123.34147361602282,507.2902214948706,-44.27273814050818,44.27273814050818,47.76620367276304,17.931393444176987,-12.894434882703772,-71.54993812578839,58.65550324308462,364.41387713995226,2,S7,275153,275408
-2.764659811910484,15.491573122354245,19.8261164183412,19.63241066089505,59.62397410770094,-32.1898776738095,91.81385178151044,482.6665824663098,106.34899294497784,147.0433101887892,266.0313471084106,243.84948091784963,768.9684050136913,-60.60828790176543,829.5766929154566,1783.4067467098998,3,S7,275417,275672
15.176864963881869,22.77730428131256,29.717701301915675,25.5500399322188,69.87607987161807,-23.112738847186822,92.9888187188049,641.6155893007613,-42.06956576530803,47.00170254919757,49.51677729925866,26.116333403117704,85.68561198785255,-79.37647707751294,165.0620890653655,476.9699812935949,3,S7,275545,275800
-88.86726568542576,103.39905006780818,113.92476461745076,71.2843677305025,40.720649653553735,-164.9254591590588,205.6461088126125,592.7938767276149,28.153607470001138,55.5620281309395,56.731656892837165,49.252972298448086,100.54342319393604,-61.46764976583066,162.0110729597667,473.5807438530476,1,S7,275927,276182
20.06968919631918,65.18548419974242,68.22705493568677,65.20842430821625,75.77410895155381,-110.74045477182712,186.51456372338092,498.2949373783429,-24.068921317005117,54.30179688558111,55.2742998066998,49.75877054104885,75.74191122232395,-79.04860440130756,154.7905156236315,423.54264415569855,2,S7,276191,276446
4.883521547143069,14.536173087868953,17.22390110883653,16.517081664312542,32.697507039337715,-26.95384895682089,59.65135599615861,297.3866780009753,65.42632776786482,133.33080419683708,236.6926622395367,227.47046400104637,750.1022891439213,-84.91710657664062,835.019395720562,1857.1879820426616,3,S7,276455,276710
15.716913905704242,15.768926264334258,18.76486033503297,10.251760857236889,37.22488055962856,-0.978034841828293,38.20291540145685,270.1826536580969,-33.000057062169745,33.000057062169745,35.41476834941092,12.85309500221556,-10.675568185625323,-58.14894932985772,47.4733811442324,364.6538858289509,3,S7,276583,276838
24.087490576786728,24.136855036299124,27.731370240845504,13.741240597124492,48.4742235718034,-0.978034841828293,49.45225841363169,266.34902141960345,-29.90754227906986,29.90754227906986,31.420384197199468,9.63220939999078,-10.675568185625323,-51.020880930472615,40.34531274484729,360.8015231168858,3,S7,276711,276966
25.57384078309725,58.77140398754882,60.73819074699296,55.09180050442073,78.11776078812521,-90.70417803829277,168.82193882641798,593.3544847995838,-54.421256804682585,54.421256804682585,55.16991290248133,9.05793008728624,-32.81875880711185,-76.96999232478487,44.15123351767302,331.08754513533177,2,S7,277229,277484
43.35282171924368,43.35282171924368,44.37239199494884,9.457379147146082,62.71909133924422,23.759869069997954,38.95922226924627,464.6124911289896,59.01725187417368,135.13567909175484,229.82026494992627,222.11330028360447,720.2132826925509,-76.48758992559462,796.7008726181456,1739.0759043902312,3,S7,277493,277748
43.85443638361998,43.85443638361998,44.74363320398839,8.87587301441831,61.027690112941,22.4796176472896,38.5480724656514,427.8485358960961,-65.21648652465205,65.21648652465205,66.08488397870688,10.678097951368716,-32.603457553653776,-85.58032954999899,52.97687199634522,330.549170339397,3,S7,277621,277876
47.279312020938406,47.279312020938406,47.93788058245608,7.918778287372897,67.95491738505314,22.4796176472896,45.475299737763535,350.2865334569228,-68.7864276611819,68.7864276611819,69.12281409333131,6.8110790477155705,-49.279719312039646,-85.58032954999899,36.30061023795935,347.88753828364,3,S7,277749,278004
10.684112762679902,98.94830407243629,110.56071296437707,110.04326869766147,97.180740878753,-199.69502535142968,296.8757662301827,608.7143970720023,-7.698803836683982,69.62709213598073,76.95037229248278,76.56427505982121,135.4475989014621,-72.88677289449316,208.3343717959553,545.2344630723894,2,S7,278267,278522
48.7658206516692,48.7658206516692,50.04144753116468,11.226807524115728,73.93471912906028,21.188654743688872,52.74606438537141,477.16672304529095,116.50197440539333,153.74994072181235,287.2674951802949,262.5831368287115,828.6139635388477,-71.39898275323615,900.0129462920838,1915.315712887385,3,S7,278530,278785
40.61468305951458,40.61468305951458,42.545350973751184,12.671006647257729,62.07372027112306,12.439933592670537,49.63378667845252,451.09617924847765,-9.375307990414656,30.94272361204067,43.402292222091226,42.377618741697454,219.49137136403647,-41.93036300998739,261.42173437402386,520.1970481291623,3,S7,278658,278913
24.7803785999346,24.88266925427352,30.005398750584213,16.919124995857906,62.07372027112306,-4.483835269231308,66.55755554035437,363.6354426318606,-35.18999130141091,35.18999130141091,36.4773930443057,9.605452384733676,-15.711169388093,-52.49586681408366,36.78469742599066,299.7931830123363,3,S7,278786,279041
-45.31000343946584,51.79054713958543,56.81430914498447,34.27636666768314,26.38489216535892,-79.87543506998875,106.26032723534767,478.2840397954226,-101.13561577127857,101.13561577127857,106.53925000087423,33.49923899602929,-36.59594939777359,-138.37130434961358,101.77535495184,383.7514599703678,1,S7,279061,279316
-16.16375631841994,16.726202752214178,21.420180652877868,14.055501445365184,7.362647530467457,-52.06609751013324,59.428745040600695,541.0732561918911,104.94148502183604,149.92401837618425,269.4545057038693,248.1794015737976,741.1643019036809,-67.04857960408522,808.2128815077662,1743.1854762898424,3,S7,279568,279823
-25.075974349373563,25.40542296228287,29.602102779519715,15.731497048876427,5.512737129535891,-54.1342059841576,59.64694311369349,489.0521994858129,-19.433519684184787,23.973514836853926,26.15235193948419,17.50096639191805,92.86385048147896,-40.43460794877195,133.29845843025092,418.0629549727133,3,S7,279696,279951
-37.48125921184243,37.48125921184243,38.839666077804274,10.182085686636928,-14.715301131877949,-57.77422789098596,43.05892675910802,378.876965458948,-24.431692066606125,24.431692066606125,25.336002147401008,6.708608467904798,-5.730805701402137,-36.593834405797736,30.8630287043956,323.3761427962468,3,S7,279824,280079
178.04611194782555,187.39553195941244,201.38930674512704,94.11288377021104,239.06666666760125,-40.46634446989913,279.53301113750035,631.2132826046624,13.673364454074868,20.864266131236256,22.420066680425865,17.767906304930356,41.230291015372025,-29.04780411416087,70.27809512953289,375.9120766957627,1,S7,280098,280353
-12.98451878105153,99.46106447936334,116.49691155643244,115.77103555817304,240.00874302605084,-101.42456556762671,341.4333085936776,626.787351008049,-32.13569057812308,44.168028880949606,48.25620322484072,35.99942417239835,40.01408187332538,-72.21881545888355,112.23289733220894,350.3639197731326,2,S7,280362,280617
-95.13571072490949,95.13571072490949,95.95233325799302,12.49186945654242,-68.81808248325517,-119.03339954050888,50.21531705725371,443.4375727769331,96.541365308737,139.146822707328,253.99054870047016,234.92757099474488,757.4854882217645,-77.27253794298333,834.7580261647479,1788.0081017229008,3,S7,280627,280882
-91.62272503621509,91.62272503621509,92.17491375983434,10.074273352010264,-68.81808248325517,-112.00730657755484,43.18922409429966,504.4268304906491,-33.828941339222844,33.828941339222844,35.74572566627632,11.54814406197403,-3.2320868747552467,-54.73256327882181,51.50047640406657,332.44343269983926,3,S7,280755,281010
123.13944324409472,158.54271156489062,168.36281967710283,114.81601180653776,223.38723281559183,-83.48995859488893,306.8771914104808,585.9167048352597,-60.76560530017637,60.76560530017637,66.8203085505365,27.793791524224947,-7.140233554790467,-93.53507546197764,86.39484190718716,382.66555670526793,1,S7,281136,281391
9.888542663483404,77.21908512862423,100.15083729451057,99.6614616327896,218.08682962006705,-66.55729009539404,284.6441197154611,598.324188326329,-4.959658705484481,17.427913923292994,24.87218089365708,24.37267256440935,49.86231275051472,-68.65142991419575,118.51374266471046,371.1552935094171,2,S7,281401,281656
-18.08566633009194,19.80662339487328,23.807520174977984,15.482463960189367,16.961005286142722,-46.39190838199843,63.35291366814115,414.548585945434,94.45938807280172,102.37041021721684,228.88794730611104,208.48768890972173,787.5420994079363,-18.840424131697542,806.3825235396339,1792.55515061409,3,S7,281665,281920
-9.5051782042069,12.115621783693772,17.0581499120486,14.16446489381769,16.250763273501537,-45.71949007431671,61.97025334781824,329.56547331447825,-7.057367918167148,7.4810024753582995,9.083616487354345,5.7188850798875785,4.326494367933772,-22.347807407675784,26.67430177560956,316.2256755823088,3,S7,281793,282048
-37.27987560649318,46.37792665117797,49.376820331829904,32.37717190932843,34.6899979959295,-75.88139228477378,110.57139028070328,423.1678277424514,-67.62045274208984,67.62958373125895,75.78450653489394,34.21645513042192,0.9012140116158004,-105.63389280702332,106.53510681863914,372.76440091211697,1,S7,282174,282429
-1.3241159341021351,19.182038773936327,25.61100166740817,25.57674966451056,29.33977059204868,-65.50133603896793,94.8411066310166,411.9968967669231,-18.96069543628633,27.94569259043233,39.078549621553634,34.17052924811994,33.78048668483621,-95.26370162727252,129.04418831210873,459.63327020074354,2,S7,282439,282694
-5.6207347433409245,10.867657764651122,13.705125605567703,12.49951234286313,23.383174556275687,-32.474252070913586,55.85742662718927,503.0805583841959,96.41713052807997,119.56551016748102,238.22211039697737,217.83826758106773,763.880322878409,-43.63130547658795,807.5116283549969,1878.5399491798548,3,S7,282703,282958
-7.30784534714021,14.18931623194304,17.179247214080114,15.547409148303794,25.589559817978124,-34.48819273996412,60.07775255794225,509.4794571498877,-23.496675772339223,23.50585934730972,24.73223008257772,7.719419181980544,0.6704794997299756,-43.63130547658795,44.301784976317926,445.4440061795147,3,S7,282831,283086
68.59460064497165,90.23351137897498,94.136557365729,64.47070803882984,122.51827266707718,-59.81919951931434,182.33747218639152,530.1144016506547,-63.11008476632547,63.11008476632547,66.3688191259116,20.541113722366248,-14.33913476798745,-100.64180215712022,86.30266738913278,372.0238299970976,1,S7,283213,283468
18.796994953341155,37.37893266550414,51.689975020962166,48.151079929652255,110.49932433635844,-44.57515418851091,155.0744785248693,659.9399613737328,-11.593036316447826,34.84248836324684,44.95983718846398,43.439480533021005,86.27790416125073,-84.87231126130895,171.15021542255968,466.8837832848876,2,S7,283477,283732
11.145136057662318,15.401183580646052,18.37890596848461,14.614038690745083,44.81126370647196,-19.495490256788088,64.30675396326004,429.7579472101452,94.24066586412448,122.1123245800305,235.72930693455996,216.07175439037468,733.554777669884,-39.71123719659703,773.266014866481,1660.799271598687,3,S7,283741,283996
3.5602698329215623,9.131621882482763,11.12675682485986,10.54178334800873,26.906676130901225,-17.79049917170374,44.69717530260496,354.22613381236965,-22.770245460635323,24.18127078222311,26.4031515338567,13.365714817480422,29.26124490322835,-43.253125899035,72.51437080226334,302.0807502838178,3,S7,283869,284124
17.791506310900864,20.00933969439027,27.11872683708574,20.46674494035749,75.35583556147796,-13.215876255600472,88.57171181707844,467.43823377684737,-19.70142341869711,19.70142341869711,21.912519436585452,9.59231063591815,-2.3962527566152687,-43.253125899035,40.85687314241973,369.3883625049105,3,S7,283997,284252
-24.27390989834861,74.92121851515684,90.36188357428917,87.04049230869641,63.52106465508247,-174.17281674315808,237.6938813982405,778.0536293270509,-23.65298128954319,26.62392097765195,29.150255243914614,17.037425184043844,40.34361310647357,-46.8840511608616,87.22766426733517,414.5390175552735,2,S7,284515,284770
25.82696507628769,26.973771364975075,34.07326943144583,22.225111128993635,73.33701100777179,-15.551113720020624,88.88812472779242,618.1345762366232,102.11132235913338,150.93014836578155,270.01695045908366,249.9648602929867,786.9919413548662,-57.93710855927091,844.9290499141371,1878.284882548186,3,S7,284779,285034
-1.783046758666778,18.41831082843364,22.97382123717262,22.904523712445357,60.585055441313166,-37.11829622377788,97.70335166509103,461.1650717480471,-37.07796490497048,38.400310116068965,40.25644184255644,15.678189574338823,35.28184869429875,-60.42502333405314,95.70687202835188,395.5488916617563,3,S7,284907,285162
-36.03047381958062,36.13966492577546,40.81652242054992,19.177941986661903,2.2955087804889245,-70.5299444126184,72.82545319310734,337.87747436947086,-48.48520684889379,48.48520684889379,49.36631665097189,9.285361409444826,-26.08172967306154,-67.87186132916797,41.790131656106425,366.7158685364321,3,S7,285035,285290
149.97094002978417,175.87337122645414,190.24575328382105,117.05624199123848,253.41893287419947,-67.0055996120095,320.424532486209,601.575157025185,-26.324114103025096,26.90586986001101,33.86833518815088,21.30974296203157,11.379315377197898,-72.82467427982631,84.20398965702421,394.4722128276025,1,S7,285309,285564
-73.30521344803718,73.30521344803718,75.64760762982233,18.67903159837961,-36.56659862649063,-106.40706925997338,69.84047063348275,306.0216584907795,101.31894282428604,132.45379710814188,263.10360853884475,242.81264516316017,821.726721825169,-42.97189477748828,864.6986166026572,1889.849208520204,3,S7,285816,286071
-51.658157833136926,51.658157833136926,52.84237688641559,11.124366242294558,-27.480263285927176,-74.20133220414932,46.721068918222144,321.5501824254698,-23.613968540307297,24.98926240805251,27.33085688229125,13.76067686190125,36.6782071977733,-52.24622220841002,88.92442940618332,311.293992585568,3,S7,285944,286199
-39.28687847124671,39.28687847124671,41.24266947557616,12.54985918076824,-9.429494575664172,-66.042382337519,56.61288776185483,380.7156436978655,-30.92418302442512,30.92418302442512,34.059081774667135,14.272909850668867,-0.0470929076795877,-55.34761933709485,55.30052642941526,280.3559690668625,3,S7,286072,286327
62.00396143564751,70.74868744859559,75.24925365087374,42.63752972793185,105.98532948723084,-35.27530141646251,141.26063090369334,499.1380907970173,-17.691038557311224,17.69929037064332,18.97064788111001,6.849279947030309,0.6477231650043421,-34.07503019600301,34.72275336100736,323.7968513696398,1,S7,286346,286601
11.903797536275524,25.80217445009284,37.26850008593441,35.31629514644273,78.7549357577738,-28.70964989430079,107.4645856520746,356.32892927924803,-17.99039747166089,19.90832936956264,21.908136572315414,12.502481628975971,89.75431808589316,-41.45716923175979,131.21148731765294,460.7878653022128,2,S7,286610,286865
-3.551876209994392,13.143229847473302,15.74796496472251,15.34218289289381,22.574261544037064,-38.7072255316042,61.28148707564127,398.2714808942068,94.41667885558032,109.79147750142432,244.36853818991256,225.39182152632992,811.5265801096016,-25.42147095146477,836.9480510610664,1266.6747543273043,3,S7,286874,287129
6.068666813062595,7.787663550390134,9.470988269336829,7.271237990187673,22.574261544037064,-15.781687650955943,38.35594919499301,358.5148764133085,-17.589696667073873,17.589696667073873,19.259445567006363,7.844030514270785,-3.497394724039262,-41.27030963249259,37.77291490845333,349.80887105527506,3,S7,287002,287257
-93.00469993982873,112.3420495052822,123.78505737844348,81.68761362218247,56.223581191219225,-175.25395352064376,231.47753471186297,581.1065953898344,-75.1363405229878,76.89319995755659,91.48155070954957,52.186247738628495,12.268454335828608,-126.72691551528185,138.99536985111044,421.5168250062118,1,S7,287384,287639
33.0448764570362,77.81495223736079,80.81282913928895,73.7478778910629,96.39360021659652,-123.5310106581944,219.9246108747909,569.6613984309382,-43.23588013609813,44.58824472797272,60.96007870471788,42.97429306623151,22.64198309253865,-140.02015002973832,162.66213312227697,451.8882114203973,2,S7,287648,287903
74.17758840683584,74.17758840683584,74.75061236596963,9.237934143167704,94.51864392795532,55.87975024114814,38.63889368680717,378.07924852713467,133.32115084630166,148.81889187484717,285.99177562963723,253.01534827913196,813.0240578699813,-35.23291674060236,848.2569746105837,1815.584425282041,3,S7,287912,288167
66.73262019643965,66.73262019643965,67.28821048001714,8.629059700849355,94.51864392795532,49.1564139969508,45.362229931004514,342.2638326557478,-18.660828966857167,24.7312860639686,29.606685586958157,22.98541480405999,33.15175049816543,-66.73077308013006,99.88252357829548,349.5978413424048,3,S7,288040,288295
-154.01295297196458,179.6341066769134,192.89773767455893,116.14451135037926,71.54204605059515,-239.80639923209387,311.348445282689,623.3785797639144,7.057393474196108,42.54607749095444,47.71536239739062,47.19056056103479,58.83462773851416,-90.38375376569373,149.21838150420788,444.8988689742439,1,S7,288422,288677
-18.183314057862788,78.37853120211008,112.94490525628537,111.4716049638849,55.033761870887474,-257.2003878175394,312.2341496884269,576.0078483310756,-104.53881829973628,106.00597715690604,118.76763135530815,56.36830426973209,12.081826420374044,-155.42773855607655,167.5095649764506,455.296645399783,2,S7,288686,288941
37.33451945412285,37.33451945412285,39.00694386880747,11.29935073860527,64.63859866752583,13.483254454746907,51.155344212778914,408.2187432354393,120.51689343090476,163.5893306437887,296.97365975823016,271.42039899012934,841.1293472786327,-110.12954060424669,951.2588878828794,1984.1799134820403,3,S7,288950,289205
32.75429465250687,32.95015207266414,36.47831483630022,16.056887466535994,64.63859866752583,-11.555363280260636,76.19396194778646,408.9514007469131,-6.114953682174234,14.910469397239613,19.302528289639763,18.30832979376347,68.94934128881951,-38.15297477172301,107.10231606054252,433.46198739982447,3,S7,289078,289333
24.19122411729371,26.98278153543957,29.608680898274592,17.072160385924146,46.04328303027309,-15.259902362569632,61.30318539284272,376.7261959179651,32.06675438353838,44.80480732675484,47.90567405560725,35.590404184666184,105.94438507947844,-36.28880007871703,142.23318515819545,444.0772632623093,1,S7,289459,289714
14.66649522088387,16.797903875667473,22.71615735323368,17.34698022229411,50.72567890742962,-14.115905075785124,64.84158398321475,534.4303682678735,-53.39658779351901,60.9333450394357,68.3286608830262,42.63344121785868,28.61424004426931,-94.7522636660398,123.3665037103091,373.70217121357547,2,S7,289723,289978
14.414218854051748,15.014227990416371,17.426909048702676,9.794256164673987,33.76424070261007,-9.719472360067844,43.48371306267791,402.8197802609874,61.54904167749704,151.25762339844044,245.7377515817076,237.90493483955888,735.8332357109404,-103.28203289340074,839.115268604341,1824.4999717961095,3,S7,289987,290242
11.295517940127276,11.76457685397023,13.904051438869432,8.107645828413448,33.76424070261007,-9.494783405699843,43.25902410830991,347.7414588821923,-63.25287286965528,63.25287286965528,63.5097775112571,5.706655173094436,-46.79279685611402,-75.0852276343853,28.29243077827128,345.62441034819625,3,S7,290115,290370
8.496985478417802,9.42469935253542,11.105478231072432,7.150726153362374,25.41333543708022,-9.494783405699843,34.90811884278006,348.5463159753082,-56.29019991044211,56.29019991044211,57.09393092931055,9.546221399242052,-22.95061056706549,-73.0065143699642,50.05590380289871,361.1176597185814,3,S7,290243,290498
-0.4943860509887514,85.61620744302004,90.87099763055922,90.86965276045512,105.82408060265293,-132.64045698219846,238.46453758485137,607.7751731429606,-57.03040477639332,71.35538191735341,82.72794819772854,59.92867714247322,29.12513630922296,-120.4124968643863,149.5376331736093,494.01782901363816,2,S7,290761,291016
77.67329033900211,77.67329033900211,80.25250729149744,20.182291606379376,113.73829134372016,42.91213021224823,70.82616113147192,462.461016160528,131.3129078898751,223.49594666665243,352.4074691265288,327.0289658694938,859.154854210323,-107.56721691976018,966.7220711300832,2044.584038604196,3,S7,291025,291280
65.06426491835752,65.06426491835752,66.12415515537583,11.791748201433377,92.71659684156457,42.44828469023265,50.26831215133191,509.0589800266515,-51.08287965768904,59.0084188671271,63.10109917087021,37.04440743823631,155.28985657053136,-95.26561346785958,250.5554700383909,568.0732603294525,3,S7,291153,291408
71.14511100601365,71.14511100601365,71.80840228346824,9.73754683924049,92.71659684156457,42.44828469023265,50.26831215133191,401.9590737589013,-46.76003415605477,46.76003415605477,49.86326209208202,17.316007397441666,-10.907658853852302,-95.26561346785958,84.35795461400728,350.891311809527,3,S7,291281,291536
-152.53992401013682,187.75172491683975,201.9041060306792,132.2756198814787,86.52168336474311,-248.0296161033496,334.55129946809274,661.7897276673489,-77.48698783995532,77.48698783995532,80.6695973801415,22.43547764066432,-22.442186082673835,-108.7984222153616,86.35623613268777,393.75728798148816,1,S7,291555,291810
35.784733774766934,35.784733774766934,38.28239011974897,13.601258101723808,64.69045615992458,6.49823868897127,58.19221747095331,508.0618044143182,188.67553734878987,233.0967661805473,384.9623305572165,335.5555655240858,877.6749841660082,-83.71897712065085,961.3939612866592,2035.300111150347,3,S7,292062,292317
53.4496334498058,53.4496334498058,58.1680564279954,22.949062566733687,89.6654762793063,6.49823868897127,83.16723759033503,593.3279112251853,20.07608784627317,66.28459171200464,133.49096513694872,131.9726807713732,665.494474265749,-47.51000185360199,713.004476119351,928.0621990947824,3,S7,292190,292445
78.4562108027965,78.4562108027965,80.24743593333416,16.860425864779533,120.52984809400812,25.39297241505494,95.1368756789532,516.8593019479365,-32.96961155414768,32.96961155414768,34.16821283235696,8.970589842694574,-10.1032155777839,-49.12467316948064,39.02145759169674,334.46100122166456,3,S7,292318,292573
-85.52039187392984,129.20806844252482,131.41412344030988,99.77942880831942,134.53523993447686,-163.3269686241067,297.8622085585836,782.472956404278,26.234293918369683,34.72690971402972,38.23616026569848,27.81664563653876,91.67498769255523,-35.736322421769735,127.41131011432498,456.05405882064935,1,S7,292593,292848
29.841816230164817,100.622606207382,104.81038007693344,100.4722935736829,114.7074412607148,-157.4402116978372,272.147652958552,682.1298983870033,-86.56503674703518,88.29273356494855,98.20714238168064,46.38035389860823,21.900897755713544,-129.15597686828352,151.05687462399706,386.68371797980046,2,S7,292857,293112
65.93846366468162,65.93846366468162,68.31225883527814,17.85171467169185,93.73295651612,18.63568205190474,75.09727446421527,483.1977947951118,56.3268483480215,168.2777924088844,263.73071336776525,257.6454449988382,748.2882436538962,-128.15998374688886,876.4482274007851,1906.3856544226253,3,S7,293120,293375
72.79392125395294,72.79392125395294,73.54240818269274,10.46569776857179,93.73295651612,44.42835039092489,49.30460612519512,500.71030539060337,-53.57701154795139,53.57701154795139,56.38733373913698,17.579398163745477,-25.505406640683663,-86.47972939665902,60.974322755975365,363.5637058169327,3,S7,293248,293503
-167.18218463352625,199.6319171814756,216.2179325334168,137.1142278911518,75.96032658629973,-268.3773800774062,344.33770666370594,668.0358535832821,-16.34189223727342,16.557911905612542,18.140599233913903,7.875525294913374,4.333984044043877,-31.56552975687389,35.89951380091776,330.17178963371936,1,S7,293630,293885
-33.51484158905501,120.44272137765162,148.85845223758764,145.036527108969,82.7753709413045,-276.8022709226284,359.5776418639329,685.426981208293,-22.06910772044921,22.06910772044921,24.03605474564216,9.522941360667726,-1.020622158797491,-41.82573023762996,40.80510807883247,385.8082585673381,2,S7,293894,294149
47.190192503217766,47.190192503217766,50.39201650916252,17.67600235825278,82.88962081575254,19.85556918513365,63.03405163061889,468.82328080226375,106.50878233648184,151.65923280855145,277.38528737835685,256.1219962033202,810.8608316975291,-65.87011190741762,876.7309436049467,1889.9789420743375,3,S7,294158,294413
21.929592812140257,24.029168161181037,27.887389615260428,17.22786866234653,59.53028484637381,-18.68138302474563,78.21166787111945,472.6397944443581,-50.88520476932069,50.889383586930414,53.92143680909447,17.83864577655691,0.5348886540449529,-77.98444338545882,78.51933203950377,367.4788457353025,3,S7,294286,294541
73.86213283842952,81.34975504230611,89.92521228883616,51.2925836525169,146.20971390372958,-26.905272328529595,173.11498623225918,609.4964188096743,3.798143991980272,32.79235500904271,39.21917928303771,39.03483221241304,60.45733263425571,-77.3079225327798,137.7652551670355,493.4930982619003,1,S7,294668,294923
1.051124412242224,50.08676812030664,55.94099735762772,55.93112123707248,124.36703881529604,-47.0939360122802,171.46097482757622,501.6873377503267,-29.70241208789104,50.19742468387438,52.168595207447375,42.887399572363975,47.67805416555921,-70.50145166657988,118.17950583213909,419.9837757085863,2,S7,294932,295187
-40.75097265124427,40.75097265124427,42.82525900753685,13.166663853845344,-13.787284018054248,-80.57194973210487,66.78466571405062,436.261800593508,71.44299684601881,129.491977406828,236.86565565258417,225.83453462521695,757.9839283425952,-74.2953825711443,832.2793109137394,1822.979935883081,3,S7,295196,295451
-52.23740215924696,52.23740215924696,53.33140994725267,10.746771729920711,-28.003496208545737,-80.57194973210487,52.56845352355913,371.6702430189075,-45.650150686870205,45.650150686870205,46.5417362121369,9.066253465802731,-26.33406616049878,-66.34424688165214,40.01018072115336,352.25986763489044,3,S7,295324,295579
-60.023131278612375,60.023131278612375,60.60950971303371,8.410492207046628,-33.10062946195703,-76.3589605067019,43.25833104474488,376.37495483895054,-56.111432423701046,56.111432423701046,56.7530283398397,8.509604991013331,-38.722288515323626,-71.93398443380823,33.21169591848461,327.18648442392646,3,S7,295452,295707
5.667324524813914,71.30227502177287,81.79444859861675,81.59787530495021,147.2188081737288,-64.53767414618159,211.7564823199104,567.9836575204768,-32.738787961933745,59.02822474952512,61.35798801214549,51.89387686116863,56.95776631966857,-88.88298008829825,145.84074640796683,446.0629029469133,2,S7,295969,296224
-74.08500770934192,74.08500770934192,75.10844175413023,12.356765573576356,-40.5125986004739,-97.21986419195524,56.70726559148134,384.0995709873576,98.49629669789496,126.79048785239276,248.2107414770005,227.83119128285009,778.3946953023042,-49.10792132573416,827.5026166280384,1802.7802821694863,3,S7,296233,296488
-74.92242646534257,74.92242646534257,75.5143788551284,9.436706333313529,-58.07275481941343,-97.21986419195524,39.14710937254181,376.0008884839408,-37.24213386172636,37.24213386172636,39.10021240925734,11.910082949933502,-8.338889051720594,-59.51895172022616,51.18006266850556,417.6058062301636,3,S7,296361,296616
-66.97421015654272,66.97421015654272,67.75258066001571,10.240476551371271,-41.07875457840345,-89.20389038801397,48.125135809610526,449.33417153858846,-52.64574792511591,52.64574792511591,53.2811502087016,8.204035163709149,-36.18119528981376,-71.62767813507858,35.446482845264825,345.0455431476807,3,S7,296489,296744
118.85190777881722,139.7230071336657,148.98499895833692,89.83737491685284,189.1184156552222,-61.62343018938277,250.741845844605,562.6444915001633,-48.4089363418634,48.4089363418634,49.599454187338914,10.80188585069054,-20.987631329399605,-74.19965238150134,53.21202105210173,454.9636643834282,1,S7,296763,297018
17.370267210279525,24.82592467306933,30.75856607223695,25.384310190817747,67.70895756399149,-30.363724418435712,98.0726819824272,488.5874529696273,113.20350298011154,145.16654503601592,264.1055298281848,238.61411902663696,787.943325403851,-77.41222046918591,865.3555458730368,1810.2787807300497,3,S7,297271,297526
40.84912955817608,40.84912955817608,43.111393062217374,13.781902122143736,67.70895756399149,6.342418980014225,61.36653858397727,667.8594207960994,-6.784159022176258,25.099010524811607,29.691947149527135,28.906520231465723,89.1364692692758,-51.68495946736925,140.82142873664506,422.3342481418499,3,S7,297399,297654
31.30416625007542,31.419634683371683,36.98054194500128,19.68780480230435,72.79995886917787,-4.275665592953196,77.07562446213106,632.6998600483382,-30.559482679859894,30.559482679859894,31.52195177852789,7.729907002492376,-15.770219656144048,-51.68495946736925,35.9147398112252,418.8824266653374,3,S7,297527,297782
-115.46982032908237,122.3233875211793,134.52616524657893,69.02180618557654,34.72522795765155,-190.57350200805269,225.29872996570424,654.333228410858,38.82347090668256,53.08912098641283,55.06814850993259,39.05430945580736,88.86012828243646,-46.40230571520491,135.26243399764138,468.8602197286936,1,S7,297801,298056
-35.262901386221486,71.5946847795852,92.8987426706664,85.94593751665238,65.42028751005218,-162.06801389661564,227.4883014066678,562.8212732544622,-19.7730612102368,44.98350121143702,46.87266213369588,42.49791178253159,48.337448811790914,-67.71555049053877,116.05299930232968,420.8882325372026,2,S7,298065,298320
-4.424224028259075,14.38510571710689,16.47244116891013,15.86718499958264,37.85981983745089,-30.55801215826757,68.41783199571846,447.3610450743523,88.696904632377,116.93023950939386,223.7870303748285,205.45922727543643,702.6117693095473,-68.9696823811146,771.5814516906619,1691.6965668014996,3,S7,298329,298584
-16.675839632906595,16.781773574707294,19.12294402600756,9.359666701298698,4.270871874681157,-37.0541499524115,41.325021827092655,339.70016809770715,-15.54845631741182,20.772511657917462,22.3388777567644,16.039668499604335,21.959417598676172,-36.48298459053257,58.44240218920874,364.1189405710778,3,S7,298457,298712
164.70248648465468,181.82057107813904,196.5277147503894,107.22049062927547,269.7341678733508,-56.42833651949609,326.1625043928469,648.8148122425583,-114.32057236958796,114.32057236958796,125.79743785615766,52.49573415301143,-6.697740338194548,-162.6957415798991,155.99800124170457,487.4176296743343,1,S7,298839,299094
17.66636702231311,112.2514085187762,126.40357477001768,125.16294655716754,208.6818563102408,-101.29094567145545,309.9728019816962,660.3446972957399,-35.67423490504793,42.388411373644686,57.68632776325967,45.33278476720443,47.81314703840709,-143.15813939147452,190.9712864298816,488.5502332634328,2,S7,299103,299358
-80.09362659355133,80.09362659355133,80.43579375091267,7.41133560379817,-57.19145942036474,-99.30205070547903,42.110591285114296,374.9978300126626,142.5374565977953,146.41333565047088,272.53780067561155,232.2927598177158,786.4822322910532,-20.10684828826981,806.589080579323,1699.2800949116072,3,S7,299367,299622
-72.19610402994877,72.19610402994877,72.72150923711234,8.725850595800472,-54.376733550622,-91.19363834802672,36.816904797404725,353.0704377304405,2.313427740933508,21.52574426942959,24.47906124935968,24.36949920981927,56.693402761364986,-46.3272858676576,103.02068862902256,349.3932225909675,3,S7,299495,299750
8.755247861253736,37.97361497570751,42.13118695094702,41.211437111360965,86.48485692190651,-59.86898068831883,146.35383761022536,576.3800778596399,-77.57171136823223,78.10451960334004,88.34639060031697,42.28137092748346,12.982278926269188,-119.84088120699371,132.82316013326292,403.2630354196631,1,S7,299876,300131
47.85767438818916,47.85767438818916,53.788012012433725,24.55184796311223,98.74668485584284,5.227635212476544,93.5190496433663,660.6745752222013,-29.88986581726672,37.00998174219719,45.99366781531629,34.95730825637828,69.31058020865565,-93.17007779879822,162.48065800745388,552.2606888465689,2,S7,300140,300395
45.59720852126014,45.59720852126014,47.604937470179706,13.679351103339712,72.67054132411953,10.717672592232317,61.95286873188721,505.4388866062915,123.54638477866152,140.15430237293612,273.56614609196305,244.0793459015576,821.8456258314914,-55.399948374192775,877.2455742056841,1887.6644795912143,3,S7,300404,300659
56.46953565699684,56.46953565699684,57.07508105469463,8.291949112429718,74.28977785801429,32.890382272584574,41.39939558542972,412.07543956902,-10.555730634297449,17.37620606066954,19.83247602567698,16.789986780376168,40.67590595546675,-39.69856098776013,80.37446694322688,336.61120309390384,3,S7,300532,300787
-179.5541678004671,202.78746973669791,225.57134791075447,136.53839688437955,59.92943224851501,-295.8068179181633,355.7362501666783,779.8278105430923,57.67641866026717,87.21889501540319,90.61643097343418,69.89111741050324,138.22620947769238,-75.50374813834038,213.7299576160328,523.5520049139341,1,S7,300914,301169
-6.119776714947868,132.44657207565936,149.64496031581888,149.5197728759718,128.35006690686487,-265.93515526892685,394.2852221757917,849.193797920191,-58.12771162855072,101.84386487958946,105.25176645621148,87.74453534540446,87.91564914276103,-147.42957143926546,235.34522058202649,528.597864659926,2,S7,301178,301433
73.77687927732119,73.77687927732119,75.2676342558916,14.906000489005844,106.2101698136698,33.000784448013555,73.20938536565623,488.3646103827076,63.20497725436796,144.04840590141336,233.1438040713922,224.41293239729868,688.2996009118199,-111.48634626508556,799.7859471769054,1759.3538855438408,3,S7,301442,301697
69.65379544592258,69.65379544592258,70.82959948927382,12.85227387618678,100.41399630544164,38.09432032571799,62.319675979723655,420.6032134010146,-56.84858079700655,57.24853985852605,60.43818582007411,20.51860537629264,14.806880569012051,-87.30988041985798,102.11676098887004,375.11695838885737,3,S7,301570,301825
57.232221510515,57.232221510515,58.78755015738838,13.433126012913,86.53491187572152,31.897787314687747,54.63712456103377,409.6655359496599,-72.16313938497763,72.16313938497763,72.52378680525342,7.223639434394633,-55.48877165770056,-87.30988041985798,31.82110876215741,351.13406315453994,3,S7,301698,301953
4.649927122226579,35.27981505146442,39.46047113302132,39.18554529157392,47.7811722282141,-81.10425054526715,128.88542277348125,503.86140906213234,-31.750136255272626,34.82028184212422,36.87678960005017,18.757037585343568,117.38698475394396,-54.38542645440652,171.77241120835046,475.89625280669577,2,S7,302216,302471
2.7204241959655926,11.458720692675662,13.439674626115076,13.161464441689091,22.917811845062435,-29.46131191895692,52.37912376401936,487.2695745434084,124.33847413856527,128.4468007842575,264.44742115374373,233.39319271083903,793.5046453357371,-18.101280605004103,811.6059259407413,1237.6155566540203,3,S7,302480,302735
10.767393560858524,11.286070351433956,12.525323358600676,6.398981258223072,22.917811845062435,-19.772800780258937,42.69061262532137,382.855650366636,-16.86400756772146,18.242678577969617,23.531744149525043,16.41183205722443,10.049724512060047,-48.80934802933022,58.85907254139028,397.65182516362734,3,S7,302608,302863
3.730388204666744,9.768291319766028,11.411939464232995,10.785015817225386,22.198925209108868,-30.71773849689424,52.91666370600311,368.32913089745136,-38.31927162551773,38.31927162551773,39.780562187168776,10.683002855798296,-12.68038573071701,-57.87297202072932,45.19258629001232,379.5746413419839,3,S7,302736,302991
-12.484034114617955,13.546539932597613,16.426874094383553,10.676660748463656,13.710287576713275,-37.28323640844465,50.99352398515793,399.431252927608,47.85316505405159,67.06814453768118,68.73748609117612,49.34487398346791,118.50844702951689,-72.7570933347123,191.2655403642292,489.5456296738341,1,S7,303010,303265
-30.62069086444448,31.414246469872,34.950455656925975,16.84955909247704,13.34634461311335,-57.9962594737812,71.34260408689454,499.53264150391465,80.81619085452965,152.4243687578778,255.81744394056847,242.71651760860885,733.07822401067,-96.06754486681774,829.1457688774879,1839.352476851957,3,S7,303518,303773
-35.364235370251095,35.364235370251095,37.10067421899037,11.217436613644807,-7.999646035625901,-57.9962594737812,49.99661343815529,453.6034148306688,-39.04518654740457,40.31216485011759,43.23865657191207,18.575651526181577,34.30090023182087,-79.36687765653214,113.66777788835302,421.35317919185184,3,S7,303646,303901
-20.03267996152153,20.087770910858527,23.84920315916071,12.941260560168583,1.9836453260665785,-48.233487195135886,50.21713252120247,342.41295777346056,-41.19266930818725,41.19266930818725,42.00735110645383,8.232954648679623,-21.08757266982532,-57.74633448320902,36.6587618133837,322.6421193715126,3,S7,303774,304029
68.01836246499724,68.3913531121815,75.82319862367711,33.50611611491023,105.4669009146241,-8.144256728582137,113.61115764320624,465.9853095093306,-59.21226906591214,59.21226906591214,60.01568849516073,9.787239529826278,-33.92789841978794,-84.62498820176782,50.69708978197989,427.9783762192262,1,S7,304048,304303
30.437810818964717,30.437810818964717,37.812104420316295,22.43423529434016,102.33303902715907,0.2147943413596629,102.1182446857994,419.22976342895566,-77.68002450689991,77.68002450689991,78.45137609051736,10.974160701540049,-32.440529808306536,-93.76972198433492,61.32919217602837,436.7481280662853,2,S7,304312,304567
1.5732559288037296,12.036119574914068,13.608885340583736,13.51764128817002,26.995915273294404,-21.061136545813376,48.05705181910778,355.22508542299164,167.91113408700775,207.55200609329225,358.3530001691913,316.57972736717574,880.17163661991,-86.12737202212048,966.2990086420303,2014.64155721262,3,S7,304576,304831
5.044753158319503,10.83667254423899,12.96204764008976,11.940064681381836,26.995915273294404,-21.061136545813376,48.05705181910778,292.9513912135514,-36.05181181985789,36.710838185173415,38.87667571098649,14.548634947745496,20.197622909640536,-53.72700058413746,73.924623493778,311.0711747751098,3,S7,304704,304959
-62.12128345663934,62.12128345663934,66.74822110137197,24.418664211981504,-13.770955213228309,-99.3087686781164,85.53781346488809,395.57271537600616,-38.88932014503739,39.462416483775954,42.09241433496724,16.105655006963993,13.239816481847065,-69.41744811918042,82.65726460102748,396.1552522093406,1,S7,305086,305341
-31.60821075382425,31.62002146777293,36.5404514548737,18.333728629708972,0.6719529806408493,-75.1302720150948,75.80222499573566,460.1501317389169,-39.66494731154454,39.66494731154454,41.27095063410262,11.401022805649118,-22.438784213137225,-64.94672432377938,42.50794011064215,355.4697662484658,2,S7,305349,305604
-35.84210904558464,36.019619946232666,40.25008753207702,18.3142776407993,6.921130102405854,-72.00828626623877,78.92941636864462,508.1305629159994,148.8704599765769,173.89666521004935,313.45305586200726,275.84489187873874,837.467507581597,-58.79307006038289,896.2605776419799,1927.1885091552256,3,S7,305614,305869
-45.68685405188341,45.68685405188341,47.44684194077245,12.802897210965517,-9.771575237472264,-72.00828626623877,62.23671102876651,567.9785846858108,-0.3744706478012645,15.514054892806232,22.549709771792703,22.54660024318564,87.63265771703675,-37.16603736538858,124.79869508242533,429.7283566452419,3,S7,305742,305997
136.7816802917859,150.79883048773684,165.575221693822,93.3055516864563,210.7725174154957,-45.18802176205306,255.9605391775488,583.326198810129,-89.88288589079616,89.88288589079616,100.28971647497616,44.48700995316748,-3.274231482375794,-128.0910942444661,124.8168627620903,386.4480006956843,1,S7,306123,306378
80.87522628622409,85.15057146971064,125.2813724989109,95.6797787850856,232.88628100107272,-22.464041028459945,255.35032202953263,638.2841016229556,-62.43736079482319,64.18777887754413,70.24587377973721,32.18786665897333,20.50765761091871,-108.33122712102444,128.83888473194315,490.1183726666825,2,S7,306387,306642
5.179085978036273,11.751893689487105,14.114280564164496,13.129736641534732,31.10477806501774,-24.07972217471525,55.18450023973299,490.83595680694856,109.97314919946396,152.43276254010112,270.29464564379026,246.91112149689528,783.9171279008337,-75.3821730717723,859.299300972606,1979.8636457165976,3,S7,306652,306907
6.486687364387462,11.46605200453548,14.27055451520253,12.71108229884707,34.0873208089976,-22.60702701993046,56.69434782892806,418.3504221029961,1.5461160787814237,26.772293869745845,31.99728261065386,31.959906438176336,54.09811724833548,-65.27726202750206,119.37537927583752,518.7936276639085,3,S7,306780,307035
-136.64379406188343,160.38254997645657,175.55021167480498,110.2104820942292,58.70422548441902,-221.81407783441963,280.51830331883866,583.5101427728204,-24.473126874097293,25.46413350983873,31.67876565627547,20.114926162170097,12.154187779057397,-82.17076078357533,94.32494856263273,377.0716468244856,1,S7,307162,307417
-60.55956401141293,84.1818792839104,122.76122410519784,106.78416245190198,40.53664666891984,-221.2819963091152,261.818642978035,619.5104838903494,-63.26811460828025,63.26811460828025,63.79897865939631,8.213120716002011,-44.56877310120994,-80.59263405887228,36.023860957662336,372.3008541248504,2,S7,307426,307681
8.07867233647773,13.771111717567464,17.828863233736442,15.89350236691424,48.610518052536655,-23.394590448586683,72.00510850112335,427.1731382540804,86.63804624960706,158.45913758052455,265.8371865630871,251.32301665750492,769.2755403575394,-71.13548154746235,840.4110219050017,1849.748672848571,3,S7,307691,307946
-10.959077241785112,12.695940005375256,14.843504002732592,10.011405350285546,11.639035870631677,-33.64288540527328,45.28192127590495,335.8354409944583,-57.01502600862027,59.92352494121064,62.4946677853616,25.590433971292214,75.13783230147664,-79.93819618598641,155.07602848746305,447.0067338618796,3,S7,307819,308074
181.5395318557186,202.43715398480825,224.54235436340088,132.14638578737453,285.04165946658026,-55.03925016156001,340.08090962814026,755.3000898337161,7.777402979943645,37.79804710564261,41.1403331050256,40.3985025821506,55.07348105082729,-69.83301324647391,124.9064942973012,435.4429713653004,1,S7,308200,308455
2.907118829220053,114.60079177603046,137.61637498788178,137.58566540493268,266.4542333682573,-103.67676107587106,370.1309944441284,741.8411973925372,-15.599511879845627,32.2934315247849,35.213249888547814,31.56941869632489,43.027350555082506,-56.48118538962488,99.5085359447074,354.23898401250204,2,S7,308464,308719
-110.48096111066756,110.48096111066756,111.47087642270706,14.822736674096156,-74.17034368918681,-151.9562290417238,77.78588535253698,526.2138255912795,158.84848940827783,194.20740790909065,323.09258239068487,281.34671529731725,817.1002062968113,-72.99230019829376,890.092506495105,1838.4810563914912,3,S7,308728,308983
-93.48066851192766,93.48066851192766,94.26345449966168,12.122849036958526,-68.471649512113,-122.3215950686613,53.84994555654829,404.3695253486228,-13.365962395215837,47.7515136222392,61.70210682962144,60.23704040259359,254.80893923984857,-71.06807306294509,325.8770123027937,474.84149405054615,3,S7,308856,309111
-82.41108709961452,82.41108709961452,83.06753758924278,10.422500861118262,-56.67864289109031,-105.21155495122848,48.53291206013819,446.8071489624797,-46.74831955001987,46.74831955001987,47.82388374664198,10.085557786337713,-25.013407160510624,-71.06807306294509,46.05466590243447,334.9276895436892,3,S7,308984,309239
61.56277572696917,98.6723320592794,127.8461874650357,112.04763404077724,224.8038601731798,-62.85071522302757,287.6545753962073,576.9737004533009,-62.495169467720736,63.00264093083628,86.04002446076109,59.1374636115655,8.436031058570396,-149.4642913959612,157.9003224545316,522.0736212444083,2,S7,309502,309757
-8.048408527929432,10.141216259840732,14.221435049634332,11.724859702295827,11.311123810986182,-36.45100801589692,47.7621318268831,353.26266065964944,162.4558798932245,167.926958796666,295.9301490928537,247.35145083511608,843.4886290639267,-21.88499818762943,865.3736272515562,1815.564863692728,3,S7,309766,310021
5.301039725415766,8.665862474036732,10.640921715964431,9.226494068433976,26.249627797515632,-14.171924142599536,40.421551940115165,339.9097018295668,22.265661692265752,31.763897001142027,43.5943254676048,37.47940130766533,163.53308315593344,-29.099785337448772,192.6328684933822,394.8206468084295,3,S7,309894,310149
13.802046833259132,13.825361695470928,15.185654125950382,6.333055695753466,28.36462681315789,-1.5270386950291628,29.891665508187053,379.6765481020665,-16.365376592150604,17.997595651813057,20.91882868695517,13.02965243708625,15.434852924261538,-36.31915228182422,51.754005206085765,342.2374145032682,3,S7,310022,310277
-72.18944689058868,77.95659199175846,85.97469403291046,46.69402286892237,23.59361730750815,-113.14226810639424,136.73588541390237,436.1322990697248,-102.6644585352334,102.6644585352334,108.27842800921808,34.41259835895519,-29.446881881924437,-142.42995156257703,112.9830696806526,486.5791586179296,1,S7,310296,310551
-20.78545298387089,23.90009739996453,27.72302324619243,18.34478024300696,28.03671038909683,-54.100707844574245,82.13741823367107,725.8160275985535,260.1804850145355,326.0233350723479,482.3376744540127,406.1474454127544,967.2992847594854,-130.57833123135603,1097.8776159908414,2290.8192506675678,3,S7,310803,311058
-10.700429247507945,23.30748188038448,26.952742579288344,24.73764634043545,36.23248712199995,-54.100707844574245,90.3331949665742,656.9899860077526,107.80667467981056,176.100881964425,327.04797077896285,308.7686773057119,967.2992847594854,-78.89902604047424,1046.1983107999597,1320.4502415855527,3,S7,310931,311186
15.686678596907589,19.97410371516743,22.56454531745352,16.219951294030913,39.92044817043352,-39.99337717791268,79.9138253483462,561.7805417873933,-61.65261742500341,61.65261742500341,62.78401979283372,11.865407957297592,-36.37047863560354,-83.50870878310239,47.13823014749885,497.5720328616289,3,S7,311059,311314
63.48823925089754,67.06805903464289,74.48335890608833,38.9488668738124,105.4300042415436,-16.266959037559324,121.69696327910292,543.838489049606,-58.184165241411954,58.184165241411954,60.69881530909159,17.29014444957825,-27.48916957498422,-106.82283578918532,79.3336662142011,372.4696342879771,1,S7,311333,311588
12.222193279065795,34.99652820726025,43.728621203833335,41.98583456164116,85.3042645494401,-44.52589071666083,129.83015526610097,583.8907376300763,-78.55530400561591,78.55530400561591,80.60901450883554,18.07975200800401,-49.70661516088461,-122.05604659922136,72.34943143833675,441.5351799850122,2,S7,311597,311852
-32.103169002216106,32.103169002216106,37.72254252389053,19.80850207567146,-3.277000273474554,-98.08533027670757,94.808330003233,497.52950919932914,103.58341939079084,129.78552591867506,249.35956892895587,226.82740099852623,769.7509251997576,-74.11922799120288,843.8701531909605,1866.590582775276,3,S7,311861,312116
-12.552028967504707,14.514296667735996,16.88169561212424,11.288853597214269,17.503466869018535,-35.19538857821167,52.6988554472302,442.5117794461231,-11.704787957838024,13.281845724154712,15.872696762679698,10.72102800024478,26.66346871222137,-31.29589917821988,57.95936789044125,417.6640927499704,3,S7,311989,312244
-2.9905173055758443,8.757455074575809,11.338342935201588,10.936856347291354,17.503466869018535,-28.56343869795382,46.06690556697235,439.361114512288,-18.616683270719413,18.616683270719413,19.807535345585663,6.764433491752388,-4.662889461568038,-37.495641719877554,32.83275225830952,404.37807396932914,3,S7,312117,312372
